Workbook

Sheet Accesos x Municipio
V1: D E N S I D A D / P E N E T R A C I O N D E I N T E R N E T
D2: A C C E S O S D E I N T E R N E T | N2: P O B L A C I O N | R2: H O G A R E S | V2: S O B R E P O B L A C I O N | Z2: S O B R E H O G A R E S
D3: =+[1]Total!$B$4 -> 2021 | H3: =+[1]Total!$G$4 -> 2022 | L3: 2023 | N3: 2020 | O3: =+N3+1 -> 2021 | P3: =+O3+1 -> 2022 | Q3: =+P3+1 -> 2023 | R3: 2020 | S3: =+R3+1 -> 2021 | T3: =+S3+1 -> 2022 | U3: =+T3+1 -> 2023 | V3: 2020 | W3: =+V3+1 -> 2021 | X3: =+W3+1 -> 2022 | Y3: =+X3+1 -> 2023 | Z3: 2020 | AA3: =+Z3+1 -> 2021 | AB3: =+AA3+1 -> 2022 | AC3: =+AB3+1 -> 2023 | AD3: Hogares con penetración <=20%
C4: Municipio | D4: =+[1]Total!B5 -> 1 | E4: =+[1]Total!C5 -> 2 | F4: =+[1]Total!D5 -> 3 | G4: =+[1]Total!E5 -> 4 | H4: =+[1]Total!G5 -> 1 | I4: =+[1]Total!H5 -> 2 | J4: =+[1]Total!I5 -> 3 | K4: =+[1]Total!J5 -> 4 | L4: =+[1]Total!L5 -> 1 | M4: =+[1]Total!M5 -> 2 | AA4: =+AA3 -> 2021 | AB4: =+AB3 -> 2022 | AC4: =+AC3 -> 2023 | AD4: Hogares | AE4: Accesos | AF4: No cubiertos
B5: 05001 | C5: =VLOOKUP(B5,[2]Municipal!$C$15:$D$60549,2) -> Medellín | D5: =+[1]Total!B6 -> 683151 | E5: =+[1]Total!C6 -> 684313 | F5: =+[1]Total!D6 -> 693014 | G5: =+[1]Total!E6 -> 702797 | H5: =+[1]Total!G6 -> 729079 | I5: =+[1]Total!H6 -> 743054 | J5: =+[1]Total!I6 -> 748439 | K5: =+[1]Total!J6 -> 769787 | L5: =+[1]Total!L6 -> 767702 | M5: =+[1]Total!M6 -> 772962 | N5: =VLOOKUP($B5,'[2]pop-2020-2023'!$I$5:$M$1126,2) -> 2519592 | O5: =VLOOKUP($B5,'[2]pop-2020-2023'!$I$5:$M$1126,3) -> 2549008 | P5: =VLOOKUP($B5,'[2]pop-2020-2023'!$I$5:$M$1126,4) -> 2572350 | Q5: =VLOOKUP($B5,'[2]pop-2020-2023'!$I$5:$M$1126,5) -> 2595300 | R5: =VLOOKUP($B5,'[3]Hogares total'!$D$5:$L$1126,6) -> 878480 | S5: =VLOOKUP($B5,'[3]Hogares total'!$D$5:$L$1126,7) -> 908775 | T5: =VLOOKUP($B5,'[3]Hogares total'!$D$5:$L$1126,8) -> 939966 | U5: =VLOOKUP($B5,'[3]Hogares total'!$D$5:$L$1126,9) -> 972037 | W5: =+$E5/O5 -> 0.26846248 | X5: =+$I5/P5 -> 0.28886194 | Y5: =+$M5/Q5 -> 0.29783146 | AA5: =+$E5/S5 -> 0.75300597 | AB5: =+$I5/T5 -> 0.79051157 | AC5: =+$M5/U5 -> 0.79519813 | AD5: =IF(AC5<=0.2,U5,"") | AE5: =IF(AC5<=0.2,M5,"") | AF5: =IF(AC5<=0.2,AD5-AE5,"") | AG5: =IF(AC5>100%,C5,"")
B6: 05002 | C6: =VLOOKUP(B6,[2]Municipal!$C$15:$D$60549,2) -> Abejorral | D6: =+[1]Total!B7 -> 2145 | E6: =+[1]Total!C7 -> 2345 | F6: =+[1]Total!D7 -> 2299 | G6: =+[1]Total!E7 -> 2230 | H6: =+[1]Total!G7 -> 2405 | I6: =+[1]Total!H7 -> 2424 | J6: =+[1]Total!I7 -> 2379 | K6: =+[1]Total!J7 -> 2318 | L6: =+[1]Total!L7 -> 1060 | M6: =+[1]Total!M7 -> 974 | N6: =VLOOKUP($B6,'[2]pop-2020-2023'!$I$5:$M$1126,2) -> 20823 | O6: =VLOOKUP($B6,'[2]pop-2020-2023'!$I$5:$M$1126,3) -> 20924 | P6: =VLOOKUP($B6,'[2]pop-2020-2023'!$I$5:$M$1126,4) -> 21109 | Q6: =VLOOKUP($B6,'[2]pop-2020-2023'!$I$5:$M$1126,5) -> 21297 | R6: =VLOOKUP($B6,'[3]Hogares total'!$D$5:$L$1126,6) -> 6942 | S6: =VLOOKUP($B6,'[3]Hogares total'!$D$5:$L$1126,7) -> 7177 | T6: =VLOOKUP($B6,'[3]Hogares total'!$D$5:$L$1126,8) -> 7411 | U6: =VLOOKUP($B6,'[3]Hogares total'!$D$5:$L$1126,9) -> 7650 | W6: =+$E6/O6 -> 0.11207226 | X6: =+$I6/P6 -> 0.11483254 | Y6: =+$M6/Q6 -> 0.045734141 | AA6: =+$E6/S6 -> 0.32673819 | AB6: =+$I6/T6 -> 0.32708137 | AC6: =+$M6/U6 -> 0.12732026 | AD6: =IF(AC6<=0.2,U6,"") -> 7650 | AE6: =IF(AC6<=0.2,M6,"") -> 974 | AF6: =IF(AC6<=0.2,AD6-AE6,"") -> 6676 | AG6: =IF(AC6>100%,C6,"")
B7: 05004 | C7: =VLOOKUP(B7,[2]Municipal!$C$15:$D$60549,2) -> Abriaquí | D7: =+[1]Total!B8 -> 147 | E7: =+[1]Total!C8 -> 153 | F7: =+[1]Total!D8 -> 156 | G7: =+[1]Total!E8 -> 155 | H7: =+[1]Total!G8 -> 160 | I7: =+[1]Total!H8 -> 160 | J7: =+[1]Total!I8 -> 148 | K7: =+[1]Total!J8 -> 149 | L7: =+[1]Total!L8 -> 144 | M7: =+[1]Total!M8 -> 140 | N7: =VLOOKUP($B7,'[2]pop-2020-2023'!$I$5:$M$1126,2) -> 2775 | O7: =VLOOKUP($B7,'[2]pop-2020-2023'!$I$5:$M$1126,3) -> 2777 | P7: =VLOOKUP($B7,'[2]pop-2020-2023'!$I$5:$M$1126,4) -> 2804 | Q7: =VLOOKUP($B7,'[2]pop-2020-2023'!$I$5:$M$1126,5) -> 2841 | R7: =VLOOKUP($B7,'[3]Hogares total'!$D$5:$L$1126,6) -> 968 | S7: =VLOOKUP($B7,'[3]Hogares total'!$D$5:$L$1126,7) -> 1004 | T7: =VLOOKUP($B7,'[3]Hogares total'!$D$5:$L$1126,8) -> 1036 | U7: =VLOOKUP($B7,'[3]Hogares total'!$D$5:$L$1126,9) -> 1071 | W7: =+$E7/O7 -> 0.055095427 | X7: =+$I7/P7 -> 0.057061341 | Y7: =+$M7/Q7 -> 0.049278423 | AA7: =+$E7/S7 -> 0.15239044 | AB7: =+$I7/T7 -> 0.15444015 | AC7: =+$M7/U7 -> 0.13071895 | AD7: =IF(AC7<=0.2,U7,"") -> 1071 | AE7: =IF(AC7<=0.2,M7,"") -> 140 | AF7: =IF(AC7<=0.2,AD7-AE7,"") -> 931 | AG7: =IF(AC7>100%,C7,"")
B8: 05021 | C8: =VLOOKUP(B8,[2]Municipal!$C$15:$D$60549,2) -> Alejandría | D8: =+[1]Total!B9 -> 190 | E8: =+[1]Total!C9 -> 402 | F8: =+[1]Total!D9 -> 442 | G8: =+[1]Total!E9 -> 335 | H8: =+[1]Total!G9 -> 668 | I8: =+[1]Total!H9 -> 442 | J8: =+[1]Total!I9 -> 545 | K8: =+[1]Total!J9 -> 632 | L8: =+[1]Total!L9 -> 588 | M8: =+[1]Total!M9 -> 102 | N8: =VLOOKUP($B8,'[2]pop-2020-2023'!$I$5:$M$1126,2) -> 4790 | O8: =VLOOKUP($B8,'[2]pop-2020-2023'!$I$5:$M$1126,3) -> 4845 | P8: =VLOOKUP($B8,'[2]pop-2020-2023'!$I$5:$M$1126,4) -> 4874 | Q8: =VLOOKUP($B8,'[2]pop-2020-2023'!$I$5:$M$1126,5) -> 4912 | R8: =VLOOKUP($B8,'[3]Hogares total'!$D$5:$L$1126,6) -> 1694 | S8: =VLOOKUP($B8,'[3]Hogares total'!$D$5:$L$1126,7) -> 1750 | T8: =VLOOKUP($B8,'[3]Hogares total'!$D$5:$L$1126,8) -> 1807 | U8: =VLOOKUP($B8,'[3]Hogares total'!$D$5:$L$1126,9) -> 1864 | W8: =+$E8/O8 -> 0.082972136 | X8: =+$I8/P8 -> 0.090685269 | Y8: =+$M8/Q8 -> 0.020765472 | AA8: =+$E8/S8 -> 0.22971429 | AB8: =+$I8/T8 -> 0.24460432 | AC8: =+$M8/U8 -> 0.05472103 | AD8: =IF(AC8<=0.2,U8,"") -> 1864 | AE8: =IF(AC8<=0.2,M8,"") -> 102 | AF8: =IF(AC8<=0.2,AD8-AE8,"") -> 1762 | AG8: =IF(AC8>100%,C8,"")
B9: 05030 | C9: =VLOOKUP(B9,[2]Municipal!$C$15:$D$60549,2) -> Amagá | D9: =+[1]Total!B10 -> 3416 | E9: =+[1]Total!C10 -> 3826 | F9: =+[1]Total!D10 -> 3770 | G9: =+[1]Total!E10 -> 3760 | H9: =+[1]Total!G10 -> 3670 | I9: =+[1]Total!H10 -> 3603 | J9: =+[1]Total!I10 -> 3625 | K9: =+[1]Total!J10 -> 3397 | L9: =+[1]Total!L10 -> 3608 | M9: =+[1]Total!M10 -> 3197 | N9: =VLOOKUP($B9,'[2]pop-2020-2023'!$I$5:$M$1126,2) -> 31262 | O9: =VLOOKUP($B9,'[2]pop-2020-2023'!$I$5:$M$1126,3) -> 31548 | P9: =VLOOKUP($B9,'[2]pop-2020-2023'!$I$5:$M$1126,4) -> 31851 | Q9: =VLOOKUP($B9,'[2]pop-2020-2023'!$I$5:$M$1126,5) -> 32142 | R9: =VLOOKUP($B9,'[3]Hogares total'!$D$5:$L$1126,6) -> 10371 | S9: =VLOOKUP($B9,'[3]Hogares total'!$D$5:$L$1126,7) -> 10699 | T9: =VLOOKUP($B9,'[3]Hogares total'!$D$5:$L$1126,8) -> 11033 | U9: =VLOOKUP($B9,'[3]Hogares total'!$D$5:$L$1126,9) -> 11379 | W9: =+$E9/O9 -> 0.12127552 | X9: =+$I9/P9 -> 0.11312047 | Y9: =+$M9/Q9 -> 0.099464875 | AA9: =+$E9/S9 -> 0.35760351 | AB9: =+$I9/T9 -> 0.32656576 | AC9: =+$M9/U9 -> 0.28095615 | AD9: =IF(AC9<=0.2,U9,"") | AE9: =IF(AC9<=0.2,M9,"") | AF9: =IF(AC9<=0.2,AD9-AE9,"") | AG9: =IF(AC9>100%,C9,"")
B10: 05031 | C10: =VLOOKUP(B10,[2]Municipal!$C$15:$D$60549,2) -> Amalfi | D10: =+[1]Total!B11 -> 1494 | E10: =+[1]Total!C11 -> 1810 | F10: =+[1]Total!D11 -> 1542 | G10: =+[1]Total!E11 -> 1472 | H10: =+[1]Total!G11 -> 1548 | I10: =+[1]Total!H11 -> 1409 | J10: =+[1]Total!I11 -> 1414 | K10: =+[1]Total!J11 -> 1372 | L10: =+[1]Total!L11 -> 1466 | M10: =+[1]Total!M11 -> 1024 | N10: =VLOOKUP($B10,'[2]pop-2020-2023'!$I$5:$M$1126,2) -> 26876 | O10: =VLOOKUP($B10,'[2]pop-2020-2023'!$I$5:$M$1126,3) -> 27155 | P10: =VLOOKUP($B10,'[2]pop-2020-2023'!$I$5:$M$1126,4) -> 27398 | Q10: =VLOOKUP($B10,'[2]pop-2020-2023'!$I$5:$M$1126,5) -> 27637 | R10: =VLOOKUP($B10,'[3]Hogares total'!$D$5:$L$1126,6) -> 9115 | S10: =VLOOKUP($B10,'[3]Hogares total'!$D$5:$L$1126,7) -> 9413 | T10: =VLOOKUP($B10,'[3]Hogares total'!$D$5:$L$1126,8) -> 9715 | U10: =VLOOKUP($B10,'[3]Hogares total'!$D$5:$L$1126,9) -> 10026 | W10: =+$E10/O10 -> 0.066654391 | X10: =+$I10/P10 -> 0.051427111 | Y10: =+$M10/Q10 -> 0.037051778 | AA10: =+$E10/S10 -> 0.19228726 | AB10: =+$I10/T10 -> 0.14503345 | AC10: =+$M10/U10 -> 0.10213445 | AD10: =IF(AC10<=0.2,U10,"") -> 10026 | AE10: =IF(AC10<=0.2,M10,"") -> 1024 | AF10: =IF(AC10<=0.2,AD10-AE10,"") -> 9002 | AG10: =IF(AC10>100%,C10,"")
B11: 05034 | C11: =VLOOKUP(B11,[2]Municipal!$C$15:$D$60549,2) -> Andes | D11: =+[1]Total!B12 -> 3416 | E11: =+[1]Total!C12 -> 3953 | F11: =+[1]Total!D12 -> 4016 | G11: =+[1]Total!E12 -> 4094 | H11: =+[1]Total!G12 -> 4166 | I11: =+[1]Total!H12 -> 4155 | J11: =+[1]Total!I12 -> 4289 | K11: =+[1]Total!J12 -> 4266 | L11: =+[1]Total!L12 -> 4221 | M11: =+[1]Total!M12 -> 3627 | N11: =VLOOKUP($B11,'[2]pop-2020-2023'!$I$5:$M$1126,2) -> 44614 | O11: =VLOOKUP($B11,'[2]pop-2020-2023'!$I$5:$M$1126,3) -> 44983 | P11: =VLOOKUP($B11,'[2]pop-2020-2023'!$I$5:$M$1126,4) -> 45394 | Q11: =VLOOKUP($B11,'[2]pop-2020-2023'!$I$5:$M$1126,5) -> 45796 | R11: =VLOOKUP($B11,'[3]Hogares total'!$D$5:$L$1126,6) -> 14180 | S11: =VLOOKUP($B11,'[3]Hogares total'!$D$5:$L$1126,7) -> 14635 | T11: =VLOOKUP($B11,'[3]Hogares total'!$D$5:$L$1126,8) -> 15095 | U11: =VLOOKUP($B11,'[3]Hogares total'!$D$5:$L$1126,9) -> 15573 | W11: =+$E11/O11 -> 0.087877643 | X11: =+$I11/P11 -> 0.091531921 | Y11: =+$M11/Q11 -> 0.079199057 | AA11: =+$E11/S11 -> 0.27010591 | AB11: =+$I11/T11 -> 0.27525671 | AC11: =+$M11/U11 -> 0.2329031 | AD11: =IF(AC11<=0.2,U11,"") | AE11: =IF(AC11<=0.2,M11,"") | AF11: =IF(AC11<=0.2,AD11-AE11,"") | AG11: =IF(AC11>100%,C11,"")
B12: 05036 | C12: =VLOOKUP(B12,[2]Municipal!$C$15:$D$60549,2) -> Angelópolis | D12: =+[1]Total!B13 -> 299 | E12: =+[1]Total!C13 -> 444 | F12: =+[1]Total!D13 -> 429 | G12: =+[1]Total!E13 -> 429 | H12: =+[1]Total!G13 -> 520 | I12: =+[1]Total!H13 -> 575 | J12: =+[1]Total!I13 -> 660 | K12: =+[1]Total!J13 -> 566 | L12: =+[1]Total!L13 -> 578 | M12: =+[1]Total!M13 -> 396 | N12: =VLOOKUP($B12,'[2]pop-2020-2023'!$I$5:$M$1126,2) -> 5905 | O12: =VLOOKUP($B12,'[2]pop-2020-2023'!$I$5:$M$1126,3) -> 5963 | P12: =VLOOKUP($B12,'[2]pop-2020-2023'!$I$5:$M$1126,4) -> 6010 | Q12: =VLOOKUP($B12,'[2]pop-2020-2023'!$I$5:$M$1126,5) -> 6082 | R12: =VLOOKUP($B12,'[3]Hogares total'!$D$5:$L$1126,6) -> 2003 | S12: =VLOOKUP($B12,'[3]Hogares total'!$D$5:$L$1126,7) -> 2069 | T12: =VLOOKUP($B12,'[3]Hogares total'!$D$5:$L$1126,8) -> 2136 | U12: =VLOOKUP($B12,'[3]Hogares total'!$D$5:$L$1126,9) -> 2203 | W12: =+$E12/O12 -> 0.074459165 | X12: =+$I12/P12 -> 0.095673877 | Y12: =+$M12/Q12 -> 0.065110161 | AA12: =+$E12/S12 -> 0.21459642 | AB12: =+$I12/T12 -> 0.26919476 | AC12: =+$M12/U12 -> 0.17975488 | AD12: =IF(AC12<=0.2,U12,"") -> 2203 | AE12: =IF(AC12<=0.2,M12,"") -> 396 | AF12: =IF(AC12<=0.2,AD12-AE12,"") -> 1807 | AG12: =IF(AC12>100%,C12,"")
B13: 05038 | C13: =VLOOKUP(B13,[2]Municipal!$C$15:$D$60549,2) -> Angostura | D13: =+[1]Total!B14 -> 507 | E13: =+[1]Total!C14 -> 518 | F13: =+[1]Total!D14 -> 528 | G13: =+[1]Total!E14 -> 527 | H13: =+[1]Total!G14 -> 521 | I13: =+[1]Total!H14 -> 541 | J13: =+[1]Total!I14 -> 461 | K13: =+[1]Total!J14 -> 436 | L13: =+[1]Total!L14 -> 410 | M13: =+[1]Total!M14 -> 372 | N13: =VLOOKUP($B13,'[2]pop-2020-2023'!$I$5:$M$1126,2) -> 11742 | O13: =VLOOKUP($B13,'[2]pop-2020-2023'!$I$5:$M$1126,3) -> 11783 | P13: =VLOOKUP($B13,'[2]pop-2020-2023'!$I$5:$M$1126,4) -> 11909 | Q13: =VLOOKUP($B13,'[2]pop-2020-2023'!$I$5:$M$1126,5) -> 12005 | R13: =VLOOKUP($B13,'[3]Hogares total'!$D$5:$L$1126,6) -> 3635 | S13: =VLOOKUP($B13,'[3]Hogares total'!$D$5:$L$1126,7) -> 3762 | T13: =VLOOKUP($B13,'[3]Hogares total'!$D$5:$L$1126,8) -> 3886 | U13: =VLOOKUP($B13,'[3]Hogares total'!$D$5:$L$1126,9) -> 4012 | W13: =+$E13/O13 -> 0.04396164 | X13: =+$I13/P13 -> 0.045427828 | Y13: =+$M13/Q13 -> 0.030987089 | AA13: =+$E13/S13 -> 0.13769272 | AB13: =+$I13/T13 -> 0.1392177 | AC13: =+$M13/U13 -> 0.092721834 | AD13: =IF(AC13<=0.2,U13,"") -> 4012 | AE13: =IF(AC13<=0.2,M13,"") -> 372 | AF13: =IF(AC13<=0.2,AD13-AE13,"") -> 3640 | AG13: =IF(AC13>100%,C13,"")
B14: 05040 | C14: =VLOOKUP(B14,[2]Municipal!$C$15:$D$60549,2) -> Anorí | D14: =+[1]Total!B15 -> 1278 | E14: =+[1]Total!C15 -> 1262 | F14: =+[1]Total!D15 -> 1307 | G14: =+[1]Total!E15 -> 1286 | H14: =+[1]Total!G15 -> 1268 | I14: =+[1]Total!H15 -> 1823 | J14: =+[1]Total!I15 -> 1919 | K14: =+[1]Total!J15 -> 1863 | L14: =+[1]Total!L15 -> 1794 | M14: =+[1]Total!M15 -> 1823 | N14: =VLOOKUP($B14,'[2]pop-2020-2023'!$I$5:$M$1126,2) -> 18978 | O14: =VLOOKUP($B14,'[2]pop-2020-2023'!$I$5:$M$1126,3) -> 19192 | P14: =VLOOKUP($B14,'[2]pop-2020-2023'!$I$5:$M$1126,4) -> 19349 | Q14: =VLOOKUP($B14,'[2]pop-2020-2023'!$I$5:$M$1126,5) -> 19527 | R14: =VLOOKUP($B14,'[3]Hogares total'!$D$5:$L$1126,6) -> 6257 | S14: =VLOOKUP($B14,'[3]Hogares total'!$D$5:$L$1126,7) -> 6457 | T14: =VLOOKUP($B14,'[3]Hogares total'!$D$5:$L$1126,8) -> 6658 | U14: =VLOOKUP($B14,'[3]Hogares total'!$D$5:$L$1126,9) -> 6865 | W14: =+$E14/O14 -> 0.065756565 | X14: =+$I14/P14 -> 0.094216755 | Y14: =+$M14/Q14 -> 0.093357915 | AA14: =+$E14/S14 -> 0.1954468 | AB14: =+$I14/T14 -> 0.27380595 | AC14: =+$M14/U14 -> 0.26554989 | AD14: =IF(AC14<=0.2,U14,"") | AE14: =IF(AC14<=0.2,M14,"") | AF14: =IF(AC14<=0.2,AD14-AE14,"") | AG14: =IF(AC14>100%,C14,"")
B15: 05042 | C15: =VLOOKUP(B15,[2]Municipal!$C$15:$D$60549,2) -> Santafé de Antioquia | D15: =+[1]Total!B16 -> 3036 | E15: =+[1]Total!C16 -> 3502 | F15: =+[1]Total!D16 -> 4311 | G15: =+[1]Total!E16 -> 4374 | H15: =+[1]Total!G16 -> 3632 | I15: =+[1]Total!H16 -> 4472 | J15: =+[1]Total!I16 -> 3811 | K15: =+[1]Total!J16 -> 3944 | L15: =+[1]Total!L16 -> 3843 | M15: =+[1]Total!M16 -> 3396 | N15: =VLOOKUP($B15,'[2]pop-2020-2023'!$I$5:$M$1126,2) -> 27071 | O15: =VLOOKUP($B15,'[2]pop-2020-2023'!$I$5:$M$1126,3) -> 27327 | P15: =VLOOKUP($B15,'[2]pop-2020-2023'!$I$5:$M$1126,4) -> 27596 | Q15: =VLOOKUP($B15,'[2]pop-2020-2023'!$I$5:$M$1126,5) -> 27831 | R15: =VLOOKUP($B15,'[3]Hogares total'!$D$5:$L$1126,6) -> 9431 | S15: =VLOOKUP($B15,'[3]Hogares total'!$D$5:$L$1126,7) -> 9760 | T15: =VLOOKUP($B15,'[3]Hogares total'!$D$5:$L$1126,8) -> 10086 | U15: =VLOOKUP($B15,'[3]Hogares total'!$D$5:$L$1126,9) -> 10422 | W15: =+$E15/O15 -> 0.12815164 | X15: =+$I15/P15 -> 0.16205247 | Y15: =+$M15/Q15 -> 0.12202221 | AA15: =+$E15/S15 -> 0.35881148 | AB15: =+$I15/T15 -> 0.44338687 | AC15: =+$M15/U15 -> 0.32584917 | AD15: =IF(AC15<=0.2,U15,"") | AE15: =IF(AC15<=0.2,M15,"") | AF15: =IF(AC15<=0.2,AD15-AE15,"") | AG15: =IF(AC15>100%,C15,"")
B16: 05044 | C16: =VLOOKUP(B16,[2]Municipal!$C$15:$D$60549,2) -> Anzá | D16: =+[1]Total!B17 -> 237 | E16: =+[1]Total!C17 -> 867 | F16: =+[1]Total!D17 -> 905 | G16: =+[1]Total!E17 -> 862 | H16: =+[1]Total!G17 -> 864 | I16: =+[1]Total!H17 -> 863 | J16: =+[1]Total!I17 -> 1137 | K16: =+[1]Total!J17 -> 1049 | L16: =+[1]Total!L17 -> 704 | M16: =+[1]Total!M17 -> 842 | N16: =VLOOKUP($B16,'[2]pop-2020-2023'!$I$5:$M$1126,2) -> 7230 | O16: =VLOOKUP($B16,'[2]pop-2020-2023'!$I$5:$M$1126,3) -> 7281 | P16: =VLOOKUP($B16,'[2]pop-2020-2023'!$I$5:$M$1126,4) -> 7341 | Q16: =VLOOKUP($B16,'[2]pop-2020-2023'!$I$5:$M$1126,5) -> 7433 | R16: =VLOOKUP($B16,'[3]Hogares total'!$D$5:$L$1126,6) -> 2363 | S16: =VLOOKUP($B16,'[3]Hogares total'!$D$5:$L$1126,7) -> 2447 | T16: =VLOOKUP($B16,'[3]Hogares total'!$D$5:$L$1126,8) -> 2528 | U16: =VLOOKUP($B16,'[3]Hogares total'!$D$5:$L$1126,9) -> 2611 | W16: =+$E16/O16 -> 0.11907705 | X16: =+$I16/P16 -> 0.11755892 | Y16: =+$M16/Q16 -> 0.11327862 | AA16: =+$E16/S16 -> 0.3543114 | AB16: =+$I16/T16 -> 0.34137658 | AC16: =+$M16/U16 -> 0.32248181 | AD16: =IF(AC16<=0.2,U16,"") | AE16: =IF(AC16<=0.2,M16,"") | AF16: =IF(AC16<=0.2,AD16-AE16,"") | AG16: =IF(AC16>100%,C16,"")
... B585: 27077 | C585: =VLOOKUP(B585,[2]Municipal!$C$15:$D$60549,2) -> Bajo Baudó | D585: =+[1]Total!B586 -> 118 | E585: =+[1]Total!C586 -> 148 | F585: =+[1]Total!D586 -> 216 | G585: =+[1]Total!E586 -> 229 | H585: =+[1]Total!G586 -> 261 | I585: =+[1]Total!H586 -> 267 | J585: =+[1]Total!I586 -> 332 | K585: =+[1]Total!J586 -> 359 | L585: =+[1]Total!L586 -> 323 | M585: =+[1]Total!M586 -> 338 | N585: =VLOOKUP($B585,'[2]pop-2020-2023'!$I$5:$M$1126,2) -> 31444 | O585: =VLOOKUP($B585,'[2]pop-2020-2023'!$I$5:$M$1126,3) -> 32059 | P585: =VLOOKUP($B585,'[2]pop-2020-2023'!$I$5:$M$1126,4) -> 32640 | Q585: =VLOOKUP($B585,'[2]pop-2020-2023'!$I$5:$M$1126,5) -> 33373 | R585: =VLOOKUP($B585,'[3]Hogares total'!$D$5:$L$1126,6) -> 7937 | S585: =VLOOKUP($B585,'[3]Hogares total'!$D$5:$L$1126,7) -> 8146 | T585: =VLOOKUP($B585,'[3]Hogares total'!$D$5:$L$1126,8) -> 8355 | U585: =VLOOKUP($B585,'[3]Hogares total'!$D$5:$L$1126,9) -> 8558 | W585: =+$E585/O585 -> 0.0046164883 | X585: =+$I585/P585 -> 0.0081801471 | Y585: =+$M585/Q585 -> 0.010127948 | AA585: =+$E585/S585 -> 0.018168426 | AB585: =+$I585/T585 -> 0.031956912 | AC585: =+$M585/U585 -> 0.039495209 | AD585: =IF(AC585<=0.2,U585,"") -> 8558 | AE585: =IF(AC585<=0.2,M585,"") -> 338 | AF585: =IF(AC585<=0.2,AD585-AE585,"") -> 8220 | AG585: =IF(AC585>100%,C585,"")
B586: 27086 | C586: =VLOOKUP(B586,[2]Municipal!$C$15:$D$60549,2) -> Bajo Baudó | D586: =+[1]Total!B587 -> 2 | E586: =+[1]Total!C587 -> 2 | F586: =+[1]Total!D587 -> 0 | G586: =+[1]Total!E587 -> 0 | H586: =+[1]Total!G587 -> 0 | I586: =+[1]Total!H587 -> 0 | J586: =+[1]Total!I587 -> 0 | K586: =+[1]Total!J587 -> 0 | L586: =+[1]Total!L587 -> 0 | M586: =+[1]Total!M587 -> 0 | AD586: =IF(AC586<=0.2,U586,"") -> 0 | AE586: =IF(AC586<=0.2,M586,"") -> 0 | AF586: =IF(AC586<=0.2,AD586-AE586,"") -> 0 | AG586: =IF(AC586>100%,C586,"")
B587: 27099 | C587: =VLOOKUP(B587,[2]Municipal!$C$15:$D$60549,2) -> Bojayá | D587: =+[1]Total!B588 -> 144 | E587: =+[1]Total!C588 -> 199 | F587: =+[1]Total!D588 -> 182 | G587: =+[1]Total!E588 -> 203 | H587: =+[1]Total!G588 -> 173 | I587: =+[1]Total!H588 -> 128 | J587: =+[1]Total!I588 -> 184 | K587: =+[1]Total!J588 -> 168 | L587: =+[1]Total!L588 -> 139 | M587: =+[1]Total!M588 -> 156 | N587: =VLOOKUP($B587,'[2]pop-2020-2023'!$I$5:$M$1126,2) -> 12709 | O587: =VLOOKUP($B587,'[2]pop-2020-2023'!$I$5:$M$1126,3) -> 12982 | P587: =VLOOKUP($B587,'[2]pop-2020-2023'!$I$5:$M$1126,4) -> 13210 | Q587: =VLOOKUP($B587,'[2]pop-2020-2023'!$I$5:$M$1126,5) -> 13479 | R587: =VLOOKUP($B587,'[3]Hogares total'!$D$5:$L$1126,6) -> 3395 | S587: =VLOOKUP($B587,'[3]Hogares total'!$D$5:$L$1126,7) -> 3480 | T587: =VLOOKUP($B587,'[3]Hogares total'!$D$5:$L$1126,8) -> 3564 | U587: =VLOOKUP($B587,'[3]Hogares total'!$D$5:$L$1126,9) -> 3646 | W587: =+$E587/O587 -> 0.015328917 | X587: =+$I587/P587 -> 0.0096896291 | Y587: =+$M587/Q587 -> 0.011573559 | AA587: =+$E587/S587 -> 0.057183908 | AB587: =+$I587/T587 -> 0.035914703 | AC587: =+$M587/U587 -> 0.042786615 | AD587: =IF(AC587<=0.2,U587,"") -> 3646 | AE587: =IF(AC587<=0.2,M587,"") -> 156 | AF587: =IF(AC587<=0.2,AD587-AE587,"") -> 3490 | AG587: =IF(AC587>100%,C587,"")
B588: 27135 | C588: =VLOOKUP(B588,[2]Municipal!$C$15:$D$60549,2) -> El Cantón del San Pablo | D588: =+[1]Total!B589 -> 16 | E588: =+[1]Total!C589 -> 18 | F588: =+[1]Total!D589 -> 19 | G588: =+[1]Total!E589 -> 21 | H588: =+[1]Total!G589 -> 20 | I588: =+[1]Total!H589 -> 20 | J588: =+[1]Total!I589 -> 24 | K588: =+[1]Total!J589 -> 21 | L588: =+[1]Total!L589 -> 23 | M588: =+[1]Total!M589 -> 11 | N588: =VLOOKUP($B588,'[2]pop-2020-2023'!$I$5:$M$1126,2) -> 6404 | O588: =VLOOKUP($B588,'[2]pop-2020-2023'!$I$5:$M$1126,3) -> 6521 | P588: =VLOOKUP($B588,'[2]pop-2020-2023'!$I$5:$M$1126,4) -> 6668 | Q588: =VLOOKUP($B588,'[2]pop-2020-2023'!$I$5:$M$1126,5) -> 6783 | R588: =VLOOKUP($B588,'[3]Hogares total'!$D$5:$L$1126,6) -> 2082 | S588: =VLOOKUP($B588,'[3]Hogares total'!$D$5:$L$1126,7) -> 2142 | T588: =VLOOKUP($B588,'[3]Hogares total'!$D$5:$L$1126,8) -> 2201 | U588: =VLOOKUP($B588,'[3]Hogares total'!$D$5:$L$1126,9) -> 2261 | W588: =+$E588/O588 -> 0.0027603128 | X588: =+$I588/P588 -> 0.0029994001 | Y588: =+$M588/Q588 -> 0.0016217013 | AA588: =+$E588/S588 -> 0.0084033613 | AB588: =+$I588/T588 -> 0.0090867787 | AC588: =+$M588/U588 -> 0.0048651039 | AD588: =IF(AC588<=0.2,U588,"") -> 2261 | AE588: =IF(AC588<=0.2,M588,"") -> 11 | AF588: =IF(AC588<=0.2,AD588-AE588,"") -> 2250 | AG588: =IF(AC588>100%,C588,"")
B589: 27150 | C589: =VLOOKUP(B589,[2]Municipal!$C$15:$D$60549,2) -> Carmen del Darién | D589: =+[1]Total!B590 -> 124 | E589: =+[1]Total!C590 -> 134 | F589: =+[1]Total!D590 -> 154 | G589: =+[1]Total!E590 -> 160 | H589: =+[1]Total!G590 -> 172 | I589: =+[1]Total!H590 -> 168 | J589: =+[1]Total!I590 -> 170 | K589: =+[1]Total!J590 -> 156 | L589: =+[1]Total!L590 -> 132 | M589: =+[1]Total!M590 -> 123 | N589: =VLOOKUP($B589,'[2]pop-2020-2023'!$I$5:$M$1126,2) -> 20276 | O589: =VLOOKUP($B589,'[2]pop-2020-2023'!$I$5:$M$1126,3) -> 21107 | P589: =VLOOKUP($B589,'[2]pop-2020-2023'!$I$5:$M$1126,4) -> 21458 | Q589: =VLOOKUP($B589,'[2]pop-2020-2023'!$I$5:$M$1126,5) -> 21814 | R589: =VLOOKUP($B589,'[3]Hogares total'!$D$5:$L$1126,6) -> 6136 | S589: =VLOOKUP($B589,'[3]Hogares total'!$D$5:$L$1126,7) -> 6302 | T589: =VLOOKUP($B589,'[3]Hogares total'!$D$5:$L$1126,8) -> 6467 | U589: =VLOOKUP($B589,'[3]Hogares total'!$D$5:$L$1126,9) -> 6629 | W589: =+$E589/O589 -> 0.0063486047 | X589: =+$I589/P589 -> 0.0078292478 | Y589: =+$M589/Q589 -> 0.0056385807 | AA589: =+$E589/S589 -> 0.021263091 | AB589: =+$I589/T589 -> 0.025978042 | AC589: =+$M589/U589 -> 0.018554835 | AD589: =IF(AC589<=0.2,U589,"") -> 6629 | AE589: =IF(AC589<=0.2,M589,"") -> 123 | AF589: =IF(AC589<=0.2,AD589-AE589,"") -> 6506 | AG589: =IF(AC589>100%,C589,"")
B590: 27160 | C590: =VLOOKUP(B590,[2]Municipal!$C$15:$D$60549,2) -> Cértegui | D590: =+[1]Total!B591 -> 9 | E590: =+[1]Total!C591 -> 176 | F590: =+[1]Total!D591 -> 177 | G590: =+[1]Total!E591 -> 181 | H590: =+[1]Total!G591 -> 181 | I590: =+[1]Total!H591 -> 180 | J590: =+[1]Total!I591 -> 185 | K590: =+[1]Total!J591 -> 179 | L590: =+[1]Total!L591 -> 178 | M590: =+[1]Total!M591 -> 1 | N590: =VLOOKUP($B590,'[2]pop-2020-2023'!$I$5:$M$1126,2) -> 5798 | O590: =VLOOKUP($B590,'[2]pop-2020-2023'!$I$5:$M$1126,3) -> 5864 | P590: =VLOOKUP($B590,'[2]pop-2020-2023'!$I$5:$M$1126,4) -> 5967 | Q590: =VLOOKUP($B590,'[2]pop-2020-2023'!$I$5:$M$1126,5) -> 6088 | R590: =VLOOKUP($B590,'[3]Hogares total'!$D$5:$L$1126,6) -> 2180 | S590: =VLOOKUP($B590,'[3]Hogares total'!$D$5:$L$1126,7) -> 2245 | T590: =VLOOKUP($B590,'[3]Hogares total'!$D$5:$L$1126,8) -> 2311 | U590: =VLOOKUP($B590,'[3]Hogares total'!$D$5:$L$1126,9) -> 2372 | W590: =+$E590/O590 -> 0.030013643 | X590: =+$I590/P590 -> 0.030165913 | Y590: =+$M590/Q590 -> 0.00016425756 | AA590: =+$E590/S590 -> 0.078396437 | AB590: =+$I590/T590 -> 0.07788836 | AC590: =+$M590/U590 -> 0.00042158516 | AD590: =IF(AC590<=0.2,U590,"") -> 2372 | AE590: =IF(AC590<=0.2,M590,"") -> 1 | AF590: =IF(AC590<=0.2,AD590-AE590,"") -> 2371 | AG590: =IF(AC590>100%,C590,"")
B591: 27205 | C591: =VLOOKUP(B591,[2]Municipal!$C$15:$D$60549,2) -> Condoto | D591: =+[1]Total!B592 -> 551 | E591: =+[1]Total!C592 -> 1089 | F591: =+[1]Total!D592 -> 996 | G591: =+[1]Total!E592 -> 1043 | H591: =+[1]Total!G592 -> 1015 | I591: =+[1]Total!H592 -> 970 | J591: =+[1]Total!I592 -> 904 | K591: =+[1]Total!J592 -> 903 | L591: =+[1]Total!L592 -> 811 | M591: =+[1]Total!M592 -> 329 | N591: =VLOOKUP($B591,'[2]pop-2020-2023'!$I$5:$M$1126,2) -> 13068 | O591: =VLOOKUP($B591,'[2]pop-2020-2023'!$I$5:$M$1126,3) -> 13234 | P591: =VLOOKUP($B591,'[2]pop-2020-2023'!$I$5:$M$1126,4) -> 13513 | Q591: =VLOOKUP($B591,'[2]pop-2020-2023'!$I$5:$M$1126,5) -> 13652 | R591: =VLOOKUP($B591,'[3]Hogares total'!$D$5:$L$1126,6) -> 4011 | S591: =VLOOKUP($B591,'[3]Hogares total'!$D$5:$L$1126,7) -> 4130 | T591: =VLOOKUP($B591,'[3]Hogares total'!$D$5:$L$1126,8) -> 4250 | U591: =VLOOKUP($B591,'[3]Hogares total'!$D$5:$L$1126,9) -> 4368 | W591: =+$E591/O591 -> 0.082288046 | X591: =+$I591/P591 -> 0.071782728 | Y591: =+$M591/Q591 -> 0.024099033 | AA591: =+$E591/S591 -> 0.26368039 | AB591: =+$I591/T591 -> 0.22823529 | AC591: =+$M591/U591 -> 0.075320513 | AD591: =IF(AC591<=0.2,U591,"") -> 4368 | AE591: =IF(AC591<=0.2,M591,"") -> 329 | AF591: =IF(AC591<=0.2,AD591-AE591,"") -> 4039 | AG591: =IF(AC591>100%,C591,"")
B592: 27245 | C592: =VLOOKUP(B592,[2]Municipal!$C$15:$D$60549,2) -> El Carmen de Atrato | D592: =+[1]Total!B593 -> 63 | E592: =+[1]Total!C593 -> 139 | F592: =+[1]Total!D593 -> 73 | G592: =+[1]Total!E593 -> 139 | H592: =+[1]Total!G593 -> 78 | I592: =+[1]Total!H593 -> 155 | J592: =+[1]Total!I593 -> 158 | K592: =+[1]Total!J593 -> 152 | L592: =+[1]Total!L593 -> 144 | M592: =+[1]Total!M593 -> 246 | N592: =VLOOKUP($B592,'[2]pop-2020-2023'!$I$5:$M$1126,2) -> 8606 | O592: =VLOOKUP($B592,'[2]pop-2020-2023'!$I$5:$M$1126,3) -> 8770 | P592: =VLOOKUP($B592,'[2]pop-2020-2023'!$I$5:$M$1126,4) -> 8932 | Q592: =VLOOKUP($B592,'[2]pop-2020-2023'!$I$5:$M$1126,5) -> 9121 | R592: =VLOOKUP($B592,'[3]Hogares total'!$D$5:$L$1126,6) -> 2665 | S592: =VLOOKUP($B592,'[3]Hogares total'!$D$5:$L$1126,7) -> 2732 | T592: =VLOOKUP($B592,'[3]Hogares total'!$D$5:$L$1126,8) -> 2800 | U592: =VLOOKUP($B592,'[3]Hogares total'!$D$5:$L$1126,9) -> 2868 | W592: =+$E592/O592 -> 0.015849487 | X592: =+$I592/P592 -> 0.017353336 | Y592: =+$M592/Q592 -> 0.026970727 | AA592: =+$E592/S592 -> 0.050878477 | AB592: =+$I592/T592 -> 0.055357143 | AC592: =+$M592/U592 -> 0.085774059 | AD592: =IF(AC592<=0.2,U592,"") -> 2868 | AE592: =IF(AC592<=0.2,M592,"") -> 246 | AF592: =IF(AC592<=0.2,AD592-AE592,"") -> 2622 | AG592: =IF(AC592>100%,C592,"")
B593: 27250 | C593: =VLOOKUP(B593,[2]Municipal!$C$15:$D$60549,2) -> El Litoral del San Juan | D593: =+[1]Total!B594 -> 94 | E593: =+[1]Total!C594 -> 88 | F593: =+[1]Total!D594 -> 97 | G593: =+[1]Total!E594 -> 96 | H593: =+[1]Total!G594 -> 99 | I593: =+[1]Total!H594 -> 97 | J593: =+[1]Total!I594 -> 109 | K593: =+[1]Total!J594 -> 102 | L593: =+[1]Total!L594 -> 92 | M593: =+[1]Total!M594 -> 96 | N593: =VLOOKUP($B593,'[2]pop-2020-2023'!$I$5:$M$1126,2) -> 23345 | O593: =VLOOKUP($B593,'[2]pop-2020-2023'!$I$5:$M$1126,3) -> 24088 | P593: =VLOOKUP($B593,'[2]pop-2020-2023'!$I$5:$M$1126,4) -> 24533 | Q593: =VLOOKUP($B593,'[2]pop-2020-2023'!$I$5:$M$1126,5) -> 24967 | R593: =VLOOKUP($B593,'[3]Hogares total'!$D$5:$L$1126,6) -> 6109 | S593: =VLOOKUP($B593,'[3]Hogares total'!$D$5:$L$1126,7) -> 6265 | T593: =VLOOKUP($B593,'[3]Hogares total'!$D$5:$L$1126,8) -> 6419 | U593: =VLOOKUP($B593,'[3]Hogares total'!$D$5:$L$1126,9) -> 6573 | W593: =+$E593/O593 -> 0.0036532713 | X593: =+$I593/P593 -> 0.0039538581 | Y593: =+$M593/Q593 -> 0.0038450755 | AA593: =+$E593/S593 -> 0.014046289 | AB593: =+$I593/T593 -> 0.015111388 | AC593: =+$M593/U593 -> 0.014605203 | AD593: =IF(AC593<=0.2,U593,"") -> 6573 | AE593: =IF(AC593<=0.2,M593,"") -> 96 | AF593: =IF(AC593<=0.2,AD593-AE593,"") -> 6477 | AG593: =IF(AC593>100%,C593,"")
B594: 27361 | C594: =VLOOKUP(B594,[2]Municipal!$C$15:$D$60549,2) -> Istmina | D594: =+[1]Total!B595 -> 2913 | E594: =+[1]Total!C595 -> 2892 | F594: =+[1]Total!D595 -> 2809 | G594: =+[1]Total!E595 -> 2774 | H594: =+[1]Total!G595 -> 2718 | I594: =+[1]Total!H595 -> 2556 | J594: =+[1]Total!I595 -> 3554 | K594: =+[1]Total!J595 -> 3208 | L594: =+[1]Total!L595 -> 2795 | M594: =+[1]Total!M595 -> 2604 | N594: =VLOOKUP($B594,'[2]pop-2020-2023'!$I$5:$M$1126,2) -> 31772 | O594: =VLOOKUP($B594,'[2]pop-2020-2023'!$I$5:$M$1126,3) -> 32170 | P594: =VLOOKUP($B594,'[2]pop-2020-2023'!$I$5:$M$1126,4) -> 32809 | Q594: =VLOOKUP($B594,'[2]pop-2020-2023'!$I$5:$M$1126,5) -> 33188 | R594: =VLOOKUP($B594,'[3]Hogares total'!$D$5:$L$1126,6) -> 9333 | S594: =VLOOKUP($B594,'[3]Hogares total'!$D$5:$L$1126,7) -> 9605 | T594: =VLOOKUP($B594,'[3]Hogares total'!$D$5:$L$1126,8) -> 9879 | U594: =VLOOKUP($B594,'[3]Hogares total'!$D$5:$L$1126,9) -> 10147 | W594: =+$E594/O594 -> 0.08989742 | X594: =+$I594/P594 -> 0.077905453 | Y594: =+$M594/Q594 -> 0.078462095 | AA594: =+$E594/S594 -> 0.30109318 | AB594: =+$I594/T594 -> 0.25873064 | AC594: =+$M594/U594 -> 0.25662757 | AD594: =IF(AC594<=0.2,U594,"") | AE594: =IF(AC594<=0.2,M594,"") | AF594: =IF(AC594<=0.2,AD594-AE594,"") | AG594: =IF(AC594>100%,C594,"")
B595: 27372 | C595: =VLOOKUP(B595,[2]Municipal!$C$15:$D$60549,2) -> Juradó | D595: =+[1]Total!B596 -> 160 | E595: =+[1]Total!C596 -> 160 | F595: =+[1]Total!D596 -> 168 | G595: =+[1]Total!E596 -> 146 | H595: =+[1]Total!G596 -> 173 | I595: =+[1]Total!H596 -> 156 | J595: =+[1]Total!I596 -> 154 | K595: =+[1]Total!J596 -> 142 | L595: =+[1]Total!L596 -> 142 | M595: =+[1]Total!M596 -> 129 | N595: =VLOOKUP($B595,'[2]pop-2020-2023'!$I$5:$M$1126,2) -> 7032 | O595: =VLOOKUP($B595,'[2]pop-2020-2023'!$I$5:$M$1126,3) -> 7153 | P595: =VLOOKUP($B595,'[2]pop-2020-2023'!$I$5:$M$1126,4) -> 7274 | Q595: =VLOOKUP($B595,'[2]pop-2020-2023'!$I$5:$M$1126,5) -> 7408 | R595: =VLOOKUP($B595,'[3]Hogares total'!$D$5:$L$1126,6) -> 1801 | S595: =VLOOKUP($B595,'[3]Hogares total'!$D$5:$L$1126,7) -> 1849 | T595: =VLOOKUP($B595,'[3]Hogares total'!$D$5:$L$1126,8) -> 1896 | U595: =VLOOKUP($B595,'[3]Hogares total'!$D$5:$L$1126,9) -> 1944 | W595: =+$E595/O595 -> 0.022368237 | X595: =+$I595/P595 -> 0.021446247 | Y595: =+$M595/Q595 -> 0.017413607 | AA595: =+$E595/S595 -> 0.086533261 | AB595: =+$I595/T595 -> 0.082278481 | AC595: =+$M595/U595 -> 0.066358025 | AD595: =IF(AC595<=0.2,U595,"") -> 1944 | AE595: =IF(AC595<=0.2,M595,"") -> 129 | AF595: =IF(AC595<=0.2,AD595-AE595,"") -> 1815 | AG595: =IF(AC595>100%,C595,"")
B596: 27413 | C596: =VLOOKUP(B596,[2]Municipal!$C$15:$D$60549,2) -> Lloró | D596: =+[1]Total!B597 -> 16 | E596: =+[1]Total!C597 -> 13 | F596: =+[1]Total!D597 -> 12 | G596: =+[1]Total!E597 -> 11 | H596: =+[1]Total!G597 -> 15 | I596: =+[1]Total!H597 -> 13 | J596: =+[1]Total!I597 -> 21 | K596: =+[1]Total!J597 -> 21 | L596: =+[1]Total!L597 -> 20 | M596: =+[1]Total!M597 -> 11 | N596: =VLOOKUP($B596,'[2]pop-2020-2023'!$I$5:$M$1126,2) -> 10022 | O596: =VLOOKUP($B596,'[2]pop-2020-2023'!$I$5:$M$1126,3) -> 10081 | P596: =VLOOKUP($B596,'[2]pop-2020-2023'!$I$5:$M$1126,4) -> 10265 | Q596: =VLOOKUP($B596,'[2]pop-2020-2023'!$I$5:$M$1126,5) -> 10456 | R596: =VLOOKUP($B596,'[3]Hogares total'!$D$5:$L$1126,6) -> 2871 | S596: =VLOOKUP($B596,'[3]Hogares total'!$D$5:$L$1126,7) -> 2948 | T596: =VLOOKUP($B596,'[3]Hogares total'!$D$5:$L$1126,8) -> 3026 | U596: =VLOOKUP($B596,'[3]Hogares total'!$D$5:$L$1126,9) -> 3102 | W596: =+$E596/O596 -> 0.0012895546 | X596: =+$I596/P596 -> 0.0012664394 | Y596: =+$M596/Q596 -> 0.0010520275 | AA596: =+$E596/S596 -> 0.0044097693 | AB596: =+$I596/T596 -> 0.0042961005 | AC596: =+$M596/U596 -> 0.0035460993 | AD596: =IF(AC596<=0.2,U596,"") -> 3102 | AE596: =IF(AC596<=0.2,M596,"") -> 11 | AF596: =IF(AC596<=0.2,AD596-AE596,"") -> 3091 | AG596: =IF(AC596>100%,C596,"")
B597: 27425 | C597: =VLOOKUP(B597,[2]Municipal!$C$15:$D$60549,2) -> Medio Atrato | D597: =+[1]Total!B598 -> 16 | E597: =+[1]Total!C598 -> 21 | F597: =+[1]Total!D598 -> 34 | G597: =+[1]Total!E598 -> 35 | H597: =+[1]Total!G598 -> 34 | I597: =+[1]Total!H598 -> 34 | J597: =+[1]Total!I598 -> 32 | K597: =+[1]Total!J598 -> 32 | L597: =+[1]Total!L598 -> 31 | M597: =+[1]Total!M598 -> 32 | N597: =VLOOKUP($B597,'[2]pop-2020-2023'!$I$5:$M$1126,2) -> 11759 | O597: =VLOOKUP($B597,'[2]pop-2020-2023'!$I$5:$M$1126,3) -> 12252 | P597: =VLOOKUP($B597,'[2]pop-2020-2023'!$I$5:$M$1126,4) -> 12467 | Q597: =VLOOKUP($B597,'[2]pop-2020-2023'!$I$5:$M$1126,5) -> 12668 | R597: =VLOOKUP($B597,'[3]Hogares total'!$D$5:$L$1126,6) -> 3511 | S597: =VLOOKUP($B597,'[3]Hogares total'!$D$5:$L$1126,7) -> 3600 | T597: =VLOOKUP($B597,'[3]Hogares total'!$D$5:$L$1126,8) -> 3685 | U597: =VLOOKUP($B597,'[3]Hogares total'!$D$5:$L$1126,9) -> 3772 | W597: =+$E597/O597 -> 0.0017140059 | X597: =+$I597/P597 -> 0.0027271998 | Y597: =+$M597/Q597 -> 0.0025260499 | AA597: =+$E597/S597 -> 0.0058333333 | AB597: =+$I597/T597 -> 0.0092265943 | AC597: =+$M597/U597 -> 0.0084835631 | AD597: =IF(AC597<=0.2,U597,"") -> 3772 | AE597: =IF(AC597<=0.2,M597,"") -> 32 | AF597: =IF(AC597<=0.2,AD597-AE597,"") -> 3740 | AG597: =IF(AC597>100%,C597,"")
B598: 27430 | C598: =VLOOKUP(B598,[2]Municipal!$C$15:$D$60549,2) -> Medio Baudó | D598: =+[1]Total!B599 -> 27 | E598: =+[1]Total!C599 -> 30 | F598: =+[1]Total!D599 -> 34 | G598: =+[1]Total!E599 -> 38 | H598: =+[1]Total!G599 -> 37 | I598: =+[1]Total!H599 -> 33 | J598: =+[1]Total!I599 -> 42 | K598: =+[1]Total!J599 -> 42 | L598: =+[1]Total!L599 -> 43 | M598: =+[1]Total!M599 -> 33 | N598: =VLOOKUP($B598,'[2]pop-2020-2023'!$I$5:$M$1126,2) -> 15765 | O598: =VLOOKUP($B598,'[2]pop-2020-2023'!$I$5:$M$1126,3) -> 16058 | P598: =VLOOKUP($B598,'[2]pop-2020-2023'!$I$5:$M$1126,4) -> 16340 | Q598: =VLOOKUP($B598,'[2]pop-2020-2023'!$I$5:$M$1126,5) -> 16632 | R598: =VLOOKUP($B598,'[3]Hogares total'!$D$5:$L$1126,6) -> 4742 | S598: =VLOOKUP($B598,'[3]Hogares total'!$D$5:$L$1126,7) -> 4870 | T598: =VLOOKUP($B598,'[3]Hogares total'!$D$5:$L$1126,8) -> 4995 | U598: =VLOOKUP($B598,'[3]Hogares total'!$D$5:$L$1126,9) -> 5121 | W598: =+$E598/O598 -> 0.0018682277 | X598: =+$I598/P598 -> 0.0020195838 | Y598: =+$M598/Q598 -> 0.001984127 | AA598: =+$E598/S598 -> 0.0061601643 | AB598: =+$I598/T598 -> 0.0066066066 | AC598: =+$M598/U598 -> 0.0064440539 | AD598: =IF(AC598<=0.2,U598,"") -> 5121 | AE598: =IF(AC598<=0.2,M598,"") -> 33 | AF598: =IF(AC598<=0.2,AD598-AE598,"") -> 5088 | AG598: =IF(AC598>100%,C598,"")
... B1098: 91430 | C1098: =VLOOKUP(B1098,[2]Municipal!$C$15:$D$60549,2) -> La Victoria (CD) | D1098: =+[1]Total!B1099 -> 229 | E1098: =+[1]Total!C1099 -> 1 | F1098: =+[1]Total!D1099 -> 1 | G1098: =+[1]Total!E1099 -> 1 | H1098: =+[1]Total!G1099 -> 0 | I1098: =+[1]Total!H1099 -> 0 | J1098: =+[1]Total!I1099 -> 0 | K1098: =+[1]Total!J1099 -> 0 | L1098: =+[1]Total!L1099 -> 0 | M1098: =+[1]Total!M1099 -> 0 | N1098: =VLOOKUP($B1098,'[2]pop-2020-2023'!$I$5:$M$1126,2) -> 658 | O1098: =VLOOKUP($B1098,'[2]pop-2020-2023'!$I$5:$M$1126,3) -> 654 | P1098: =VLOOKUP($B1098,'[2]pop-2020-2023'!$I$5:$M$1126,4) -> 668 | Q1098: =VLOOKUP($B1098,'[2]pop-2020-2023'!$I$5:$M$1126,5) -> 685 | R1098: =VLOOKUP($B1098,'[3]Hogares total'!$D$5:$L$1126,6) -> 173 | S1098: =VLOOKUP($B1098,'[3]Hogares total'!$D$5:$L$1126,7) -> 176 | T1098: =VLOOKUP($B1098,'[3]Hogares total'!$D$5:$L$1126,8) -> 181 | U1098: =VLOOKUP($B1098,'[3]Hogares total'!$D$5:$L$1126,9) -> 185 | W1098: =+$E1098/O1098 -> 0.001529052 | X1098: =+$I1098/P1098 -> 0 | Y1098: =+$M1098/Q1098 -> 0 | AA1098: =+$E1098/S1098 -> 0.0056818182 | AB1098: =+$I1098/T1098 -> 0 | AC1098: =+$M1098/U1098 -> 0 | AD1098: =IF(AC1098<=0.2,U1098,"") -> 185 | AE1098: =IF(AC1098<=0.2,M1098,"") -> 0 | AF1098: =IF(AC1098<=0.2,AD1098-AE1098,"") -> 185 | AG1098: =IF(AC1098>100%,C1098,"")
B1099: 91460 | N1099: =+'[2]pop-2020-2023'!J1098 -> 1867 | O1099: =+'[2]pop-2020-2023'!K1098 -> 1857 | P1099: =+'[2]pop-2020-2023'!L1098 -> 1887 | Q1099: =+'[2]pop-2020-2023'!M1098 -> 1910 | R1099: =VLOOKUP($B1099,'[3]Hogares total'!$D$5:$L$1126,6) -> 355 | S1099: =VLOOKUP($B1099,'[3]Hogares total'!$D$5:$L$1126,7) -> 363 | T1099: =VLOOKUP($B1099,'[3]Hogares total'!$D$5:$L$1126,8) -> 370 | U1099: =VLOOKUP($B1099,'[3]Hogares total'!$D$5:$L$1126,9) -> 379 | W1099: =+$E1099/O1099 -> 0 | X1099: =+$I1099/P1099 -> 0 | Y1099: =+$M1099/Q1099 -> 0 | AA1099: =+$E1099/S1099 -> 0 | AB1099: =+$I1099/T1099 -> 0 | AC1099: =+$M1099/U1099 -> 0 | AD1099: =IF(AC1099<=0.2,U1099,"") -> 379 | AE1099: =IF(AC1099<=0.2,M1099,"") -> 0 | AF1099: =IF(AC1099<=0.2,AD1099-AE1099,"") -> 379 | AG1099: =IF(AC1099>100%,C1099,"")
B1100: 91530 | C1100: =VLOOKUP(B1100,[2]Municipal!$C$15:$D$60549,2) -> Puerto Alegría (CD) | D1100: =+[1]Total!B1100 -> 0 | E1100: =+[1]Total!C1100 -> 0 | F1100: =+[1]Total!D1100 -> 1 | G1100: =+[1]Total!E1100 -> 1 | H1100: =+[1]Total!G1100 -> 0 | I1100: =+[1]Total!H1100 -> 0 | J1100: =+[1]Total!I1100 -> 0 | K1100: =+[1]Total!J1100 -> 2 | L1100: =+[1]Total!L1100 -> 1 | M1100: =+[1]Total!M1100 -> 3 | N1100: =VLOOKUP($B1100,'[2]pop-2020-2023'!$I$5:$M$1126,2) -> 754 | O1100: =VLOOKUP($B1100,'[2]pop-2020-2023'!$I$5:$M$1126,3) -> 758 | P1100: =VLOOKUP($B1100,'[2]pop-2020-2023'!$I$5:$M$1126,4) -> 774 | Q1100: =VLOOKUP($B1100,'[2]pop-2020-2023'!$I$5:$M$1126,5) -> 782 | R1100: =VLOOKUP($B1100,'[3]Hogares total'!$D$5:$L$1126,6) -> 200 | S1100: =VLOOKUP($B1100,'[3]Hogares total'!$D$5:$L$1126,7) -> 203 | T1100: =VLOOKUP($B1100,'[3]Hogares total'!$D$5:$L$1126,8) -> 205 | U1100: =VLOOKUP($B1100,'[3]Hogares total'!$D$5:$L$1126,9) -> 210 | W1100: =+$E1100/O1100 -> 0 | X1100: =+$I1100/P1100 -> 0 | Y1100: =+$M1100/Q1100 -> 0.0038363171 | AA1100: =+$E1100/S1100 -> 0 | AB1100: =+$I1100/T1100 -> 0 | AC1100: =+$M1100/U1100 -> 0.014285714 | AD1100: =IF(AC1100<=0.2,U1100,"") -> 210 | AE1100: =IF(AC1100<=0.2,M1100,"") -> 3 | AF1100: =IF(AC1100<=0.2,AD1100-AE1100,"") -> 207 | AG1100: =IF(AC1100>100%,C1100,"")
B1101: 91536 | C1101: =VLOOKUP(B1101,[2]Municipal!$C$15:$D$60549,2) -> Puerto Arica (CD) | D1101: =+[1]Total!B1101 -> 4 | E1101: =+[1]Total!C1101 -> 3 | F1101: =+[1]Total!D1101 -> 4 | G1101: =+[1]Total!E1101 -> 2 | H1101: =+[1]Total!G1101 -> 3 | I1101: =+[1]Total!H1101 -> 3 | J1101: =+[1]Total!I1101 -> 1 | K1101: =+[1]Total!J1101 -> 3 | L1101: =+[1]Total!L1101 -> 3 | M1101: =+[1]Total!M1101 -> 4 | N1101: =VLOOKUP($B1101,'[2]pop-2020-2023'!$I$5:$M$1126,2) -> 1031 | O1101: =VLOOKUP($B1101,'[2]pop-2020-2023'!$I$5:$M$1126,3) -> 1045 | P1101: =VLOOKUP($B1101,'[2]pop-2020-2023'!$I$5:$M$1126,4) -> 1076 | Q1101: =VLOOKUP($B1101,'[2]pop-2020-2023'!$I$5:$M$1126,5) -> 1089 | R1101: =VLOOKUP($B1101,'[3]Hogares total'!$D$5:$L$1126,6) -> 305 | S1101: =VLOOKUP($B1101,'[3]Hogares total'!$D$5:$L$1126,7) -> 312 | T1101: =VLOOKUP($B1101,'[3]Hogares total'!$D$5:$L$1126,8) -> 319 | U1101: =VLOOKUP($B1101,'[3]Hogares total'!$D$5:$L$1126,9) -> 327 | W1101: =+$E1101/O1101 -> 0.0028708134 | X1101: =+$I1101/P1101 -> 0.0027881041 | Y1101: =+$M1101/Q1101 -> 0.0036730946 | AA1101: =+$E1101/S1101 -> 0.0096153846 | AB1101: =+$I1101/T1101 -> 0.0094043887 | AC1101: =+$M1101/U1101 -> 0.012232416 | AD1101: =IF(AC1101<=0.2,U1101,"") -> 327 | AE1101: =IF(AC1101<=0.2,M1101,"") -> 4 | AF1101: =IF(AC1101<=0.2,AD1101-AE1101,"") -> 323 | AG1101: =IF(AC1101>100%,C1101,"")
B1102: 91540 | C1102: =VLOOKUP(B1102,[2]Municipal!$C$15:$D$60549,2) -> Puerto Nariño | D1102: =+[1]Total!B1102 -> 37 | E1102: =+[1]Total!C1102 -> 38 | F1102: =+[1]Total!D1102 -> 35 | G1102: =+[1]Total!E1102 -> 36 | H1102: =+[1]Total!G1102 -> 11 | I1102: =+[1]Total!H1102 -> 25 | J1102: =+[1]Total!I1102 -> 15 | K1102: =+[1]Total!J1102 -> 11 | L1102: =+[1]Total!L1102 -> 11 | M1102: =+[1]Total!M1102 -> 10 | N1102: =VLOOKUP($B1102,'[2]pop-2020-2023'!$I$5:$M$1126,2) -> 10234 | O1102: =VLOOKUP($B1102,'[2]pop-2020-2023'!$I$5:$M$1126,3) -> 10418 | P1102: =VLOOKUP($B1102,'[2]pop-2020-2023'!$I$5:$M$1126,4) -> 10587 | Q1102: =VLOOKUP($B1102,'[2]pop-2020-2023'!$I$5:$M$1126,5) -> 10772 | R1102: =VLOOKUP($B1102,'[3]Hogares total'!$D$5:$L$1126,6) -> 2497 | S1102: =VLOOKUP($B1102,'[3]Hogares total'!$D$5:$L$1126,7) -> 2596 | T1102: =VLOOKUP($B1102,'[3]Hogares total'!$D$5:$L$1126,8) -> 2701 | U1102: =VLOOKUP($B1102,'[3]Hogares total'!$D$5:$L$1126,9) -> 2816 | W1102: =+$E1102/O1102 -> 0.0036475331 | X1102: =+$I1102/P1102 -> 0.0023613866 | Y1102: =+$M1102/Q1102 -> 0.00092833271 | AA1102: =+$E1102/S1102 -> 0.014637904 | AB1102: =+$I1102/T1102 -> 0.0092558312 | AC1102: =+$M1102/U1102 -> 0.0035511364 | AD1102: =IF(AC1102<=0.2,U1102,"") -> 2816 | AE1102: =IF(AC1102<=0.2,M1102,"") -> 10 | AF1102: =IF(AC1102<=0.2,AD1102-AE1102,"") -> 2806 | AG1102: =IF(AC1102>100%,C1102,"")
B1103: 91669 | N1103: =+'[2]pop-2020-2023'!J1102 -> 1828 | O1103: =+'[2]pop-2020-2023'!K1102 -> 1864 | P1103: =+'[2]pop-2020-2023'!L1102 -> 1891 | Q1103: =+'[2]pop-2020-2023'!M1102 -> 1921 | R1103: =VLOOKUP($B1103,'[3]Hogares total'!$D$5:$L$1126,6) -> 395 | S1103: =VLOOKUP($B1103,'[3]Hogares total'!$D$5:$L$1126,7) -> 403 | T1103: =VLOOKUP($B1103,'[3]Hogares total'!$D$5:$L$1126,8) -> 412 | U1103: =VLOOKUP($B1103,'[3]Hogares total'!$D$5:$L$1126,9) -> 421 | W1103: =+$E1103/O1103 -> 0 | X1103: =+$I1103/P1103 -> 0 | Y1103: =+$M1103/Q1103 -> 0 | AA1103: =+$E1103/S1103 -> 0 | AB1103: =+$I1103/T1103 -> 0 | AC1103: =+$M1103/U1103 -> 0 | AD1103: =IF(AC1103<=0.2,U1103,"") -> 421 | AE1103: =IF(AC1103<=0.2,M1103,"") -> 0 | AF1103: =IF(AC1103<=0.2,AD1103-AE1103,"") -> 421 | AG1103: =IF(AC1103>100%,C1103,"")
B1104: 91798 | C1104: =VLOOKUP(B1104,[2]Municipal!$C$15:$D$60549,2) -> Tarapacá (CD) | D1104: =+[1]Total!B1103 -> 22 | E1104: =+[1]Total!C1103 -> 19 | F1104: =+[1]Total!D1103 -> 21 | G1104: =+[1]Total!E1103 -> 12 | H1104: =+[1]Total!G1103 -> 19 | I1104: =+[1]Total!H1103 -> 28 | J1104: =+[1]Total!I1103 -> 21 | K1104: =+[1]Total!J1103 -> 25 | L1104: =+[1]Total!L1103 -> 18 | M1104: =+[1]Total!M1103 -> 23 | N1104: =VLOOKUP($B1104,'[2]pop-2020-2023'!$I$5:$M$1126,2) -> 4047 | O1104: =VLOOKUP($B1104,'[2]pop-2020-2023'!$I$5:$M$1126,3) -> 4159 | P1104: =VLOOKUP($B1104,'[2]pop-2020-2023'!$I$5:$M$1126,4) -> 4245 | Q1104: =VLOOKUP($B1104,'[2]pop-2020-2023'!$I$5:$M$1126,5) -> 4314 | R1104: =VLOOKUP($B1104,'[3]Hogares total'!$D$5:$L$1126,6) -> 929 | S1104: =VLOOKUP($B1104,'[3]Hogares total'!$D$5:$L$1126,7) -> 949 | T1104: =VLOOKUP($B1104,'[3]Hogares total'!$D$5:$L$1126,8) -> 970 | U1104: =VLOOKUP($B1104,'[3]Hogares total'!$D$5:$L$1126,9) -> 993 | W1104: =+$E1104/O1104 -> 0.0045684059 | X1104: =+$I1104/P1104 -> 0.0065959953 | Y1104: =+$M1104/Q1104 -> 0.0053314789 | AA1104: =+$E1104/S1104 -> 0.020021075 | AB1104: =+$I1104/T1104 -> 0.028865979 | AC1104: =+$M1104/U1104 -> 0.023162135 | AD1104: =IF(AC1104<=0.2,U1104,"") -> 993 | AE1104: =IF(AC1104<=0.2,M1104,"") -> 23 | AF1104: =IF(AC1104<=0.2,AD1104-AE1104,"") -> 970 | AG1104: =IF(AC1104>100%,C1104,"")
B1105: 94001 | C1105: =VLOOKUP(B1105,[2]Municipal!$C$15:$D$60549,2) -> Inírida | D1105: =+[1]Total!B1104 -> 1510 | E1105: =+[1]Total!C1104 -> 1316 | F1105: =+[1]Total!D1104 -> 1152 | G1105: =+[1]Total!E1104 -> 971 | H1105: =+[1]Total!G1104 -> 701 | I1105: =+[1]Total!H1104 -> 813 | J1105: =+[1]Total!I1104 -> 907 | K1105: =+[1]Total!J1104 -> 764 | L1105: =+[1]Total!L1104 -> 776 | M1105: =+[1]Total!M1104 -> 675 | N1105: =VLOOKUP($B1105,'[2]pop-2020-2023'!$I$5:$M$1126,2) -> 34026 | O1105: =VLOOKUP($B1105,'[2]pop-2020-2023'!$I$5:$M$1126,3) -> 35041 | P1105: =VLOOKUP($B1105,'[2]pop-2020-2023'!$I$5:$M$1126,4) -> 36024 | Q1105: =VLOOKUP($B1105,'[2]pop-2020-2023'!$I$5:$M$1126,5) -> 37015 | R1105: =VLOOKUP($B1105,'[3]Hogares total'!$D$5:$L$1126,6) -> 8665 | S1105: =VLOOKUP($B1105,'[3]Hogares total'!$D$5:$L$1126,7) -> 8973 | T1105: =VLOOKUP($B1105,'[3]Hogares total'!$D$5:$L$1126,8) -> 9263 | U1105: =VLOOKUP($B1105,'[3]Hogares total'!$D$5:$L$1126,9) -> 9560 | W1105: =+$E1105/O1105 -> 0.037556006 | X1105: =+$I1105/P1105 -> 0.022568288 | Y1105: =+$M1105/Q1105 -> 0.01823585 | AA1105: =+$E1105/S1105 -> 0.14666221 | AB1105: =+$I1105/T1105 -> 0.087768542 | AC1105: =+$M1105/U1105 -> 0.070606695 | AD1105: =IF(AC1105<=0.2,U1105,"") -> 9560 | AE1105: =IF(AC1105<=0.2,M1105,"") -> 675 | AF1105: =IF(AC1105<=0.2,AD1105-AE1105,"") -> 8885 | AG1105: =IF(AC1105>100%,C1105,"")
B1106: 94343 | C1106: =VLOOKUP(B1106,[2]Municipal!$C$15:$D$60549,2) -> Barrancominas (CD) | D1106: =+[1]Total!B1105 -> 6 | E1106: =+[1]Total!C1105 -> 6 | F1106: =+[1]Total!D1105 -> 11 | G1106: =+[1]Total!E1105 -> 8 | H1106: =+[1]Total!G1105 -> 10 | I1106: =+[1]Total!H1105 -> 11 | J1106: =+[1]Total!I1105 -> 6 | K1106: =+[1]Total!J1105 -> 15 | L1106: =+[1]Total!L1105 -> 20 | M1106: =+[1]Total!M1105 -> 8 | N1106: =VLOOKUP($B1106,'[2]pop-2020-2023'!$I$5:$M$1126,2) -> 9947 | O1106: =VLOOKUP($B1106,'[2]pop-2020-2023'!$I$5:$M$1126,3) -> 10289 | P1106: =VLOOKUP($B1106,'[2]pop-2020-2023'!$I$5:$M$1126,4) -> 10569 | Q1106: =VLOOKUP($B1106,'[2]pop-2020-2023'!$I$5:$M$1126,5) -> 10815 | R1106: =VLOOKUP($B1106,'[3]Hogares total'!$D$5:$L$1126,6) -> 1354 | S1106: =VLOOKUP($B1106,'[3]Hogares total'!$D$5:$L$1126,7) -> 1372 | T1106: =VLOOKUP($B1106,'[3]Hogares total'!$D$5:$L$1126,8) -> 1390 | U1106: =VLOOKUP($B1106,'[3]Hogares total'!$D$5:$L$1126,9) -> 1408 | W1106: =+$E1106/O1106 -> 0.00058314705 | X1106: =+$I1106/P1106 -> 0.0010407796 | Y1106: =+$M1106/Q1106 -> 0.00073971336 | AA1106: =+$E1106/S1106 -> 0.0043731778 | AB1106: =+$I1106/T1106 -> 0.0079136691 | AC1106: =+$M1106/U1106 -> 0.0056818182 | AD1106: =IF(AC1106<=0.2,U1106,"") -> 1408 | AE1106: =IF(AC1106<=0.2,M1106,"") -> 8 | AF1106: =IF(AC1106<=0.2,AD1106-AE1106,"") -> 1400 | AG1106: =IF(AC1106>100%,C1106,"")
B1107: 94663 | C1107: Mapiripana (CD) | D1107: 0 | E1107: 0 | F1107: 0 | G1107: 0 | H1107: 0 | I1107: 0 | J1107: 0 | K1107: 0 | L1107: 0 | M1107: 0 | N1107: 0 | O1107: 0 | P1107: 0 | Q1107: 0 | R1107: 0 | S1107: 0 | T1107: 0 | U1107: 0 | W1107: =IF(O1107=0,0,$E1107/O1107) -> 0 | X1107: =IF(P1107=0,0,+$I1107/P1107) -> 0 | Y1107: =IF(Q1107=0,0,$M1107/Q1107) -> 0 | AA1107: =IF(S1107=0,0,$E1107/S1107) -> 0 | AB1107: =IF(T1107=0,0,$I1107/T1107) -> 0 | AC1107: =IF(U1107=0,0,$M1107/U1107) -> 0 | AD1107: =IF(AC1107<=0.2,U1107,"") -> 0 | AE1107: =IF(AC1107<=0.2,M1107,"") -> 0 | AF1107: =IF(AC1107<=0.2,AD1107-AE1107,"") -> 0 | AG1107: =IF(AC1107>100%,C1107,"")
B1108: 94883 | C1108: =VLOOKUP(B1108,[2]Municipal!$C$15:$D$60549,2) -> San Felipe (CD) | D1108: =+[1]Total!B1106 -> 15 | E1108: =+[1]Total!C1106 -> 16 | F1108: =+[1]Total!D1106 -> 14 | G1108: =+[1]Total!E1106 -> 11 | H1108: =+[1]Total!G1106 -> 24 | I1108: =+[1]Total!H1106 -> 23 | J1108: =+[1]Total!I1106 -> 24 | K1108: =+[1]Total!J1106 -> 23 | L1108: =+[1]Total!L1106 -> 35 | M1108: =+[1]Total!M1106 -> 19 | N1108: =VLOOKUP($B1108,'[2]pop-2020-2023'!$I$5:$M$1126,2) -> 1796 | O1108: =VLOOKUP($B1108,'[2]pop-2020-2023'!$I$5:$M$1126,3) -> 1860 | P1108: =VLOOKUP($B1108,'[2]pop-2020-2023'!$I$5:$M$1126,4) -> 1913 | Q1108: =VLOOKUP($B1108,'[2]pop-2020-2023'!$I$5:$M$1126,5) -> 1963 | R1108: =VLOOKUP($B1108,'[3]Hogares total'!$D$5:$L$1126,6) -> 318 | S1108: =VLOOKUP($B1108,'[3]Hogares total'!$D$5:$L$1126,7) -> 325 | T1108: =VLOOKUP($B1108,'[3]Hogares total'!$D$5:$L$1126,8) -> 331 | U1108: =VLOOKUP($B1108,'[3]Hogares total'!$D$5:$L$1126,9) -> 336 | W1108: =+$E1108/O1108 -> 0.0086021505 | X1108: =+$I1108/P1108 -> 0.012023001 | Y1108: =+$M1108/Q1108 -> 0.0096790627 | AA1108: =+$E1108/S1108 -> 0.049230769 | AB1108: =+$I1108/T1108 -> 0.069486405 | AC1108: =+$M1108/U1108 -> 0.056547619 | AD1108: =IF(AC1108<=0.2,U1108,"") -> 336 | AE1108: =IF(AC1108<=0.2,M1108,"") -> 19 | AF1108: =IF(AC1108<=0.2,AD1108-AE1108,"") -> 317 | AG1108: =IF(AC1108>100%,C1108,"")
B1109: 94884 | C1109: =VLOOKUP(B1109,[2]Municipal!$C$15:$D$60549,2) -> Puerto Colombia (CD) | D1109: =+[1]Total!B1107 -> 7 | E1109: =+[1]Total!C1107 -> 6 | F1109: =+[1]Total!D1107 -> 6 | G1109: =+[1]Total!E1107 -> 9 | H1109: =+[1]Total!G1107 -> 1 | I1109: =+[1]Total!H1107 -> 1 | J1109: =+[1]Total!I1107 -> 2 | K1109: =+[1]Total!J1107 -> 2 | L1109: =+[1]Total!L1107 -> 2 | M1109: =+[1]Total!M1107 -> 1 | N1109: =VLOOKUP($B1109,'[2]pop-2020-2023'!$I$5:$M$1126,2) -> 2006 | O1109: =VLOOKUP($B1109,'[2]pop-2020-2023'!$I$5:$M$1126,3) -> 2043 | P1109: =VLOOKUP($B1109,'[2]pop-2020-2023'!$I$5:$M$1126,4) -> 2111 | Q1109: =VLOOKUP($B1109,'[2]pop-2020-2023'!$I$5:$M$1126,5) -> 2171 | R1109: =VLOOKUP($B1109,'[3]Hogares total'!$D$5:$L$1126,6) -> 360 | S1109: =VLOOKUP($B1109,'[3]Hogares total'!$D$5:$L$1126,7) -> 370 | T1109: =VLOOKUP($B1109,'[3]Hogares total'!$D$5:$L$1126,8) -> 378 | U1109: =VLOOKUP($B1109,'[3]Hogares total'!$D$5:$L$1126,9) -> 386 | W1109: =+$E1109/O1109 -> 0.0029368576 | X1109: =+$I1109/P1109 -> 0.00047370914 | Y1109: =+$M1109/Q1109 -> 0.00046061723 | AA1109: =+$E1109/S1109 -> 0.016216216 | AB1109: =+$I1109/T1109 -> 0.0026455026 | AC1109: =+$M1109/U1109 -> 0.0025906736 | AD1109: =IF(AC1109<=0.2,U1109,"") -> 386 | AE1109: =IF(AC1109<=0.2,M1109,"") -> 1 | AF1109: =IF(AC1109<=0.2,AD1109-AE1109,"") -> 385 | AG1109: =IF(AC1109>100%,C1109,"")
B1110: 94885 | C1110: =VLOOKUP(B1110,[2]Municipal!$C$15:$D$60549,2) -> La Guadalupe (CD) | D1110: =+[1]Total!B1108 -> 1 | E1110: =+[1]Total!C1108 -> 1 | F1110: =+[1]Total!D1108 -> 2 | G1110: =+[1]Total!E1108 -> 2 | H1110: =+[1]Total!G1108 -> 2 | I1110: =+[1]Total!H1108 -> 2 | J1110: =+[1]Total!I1108 -> 1 | K1110: =+[1]Total!J1108 -> 1 | L1110: =+[1]Total!L1108 -> 1 | M1110: =+[1]Total!M1108 -> 1 | N1110: =VLOOKUP($B1110,'[2]pop-2020-2023'!$I$5:$M$1126,2) -> 300 | O1110: =VLOOKUP($B1110,'[2]pop-2020-2023'!$I$5:$M$1126,3) -> 311 | P1110: =VLOOKUP($B1110,'[2]pop-2020-2023'!$I$5:$M$1126,4) -> 310 | Q1110: =VLOOKUP($B1110,'[2]pop-2020-2023'!$I$5:$M$1126,5) -> 322 | R1110: =VLOOKUP($B1110,'[3]Hogares total'!$D$5:$L$1126,6) -> 52 | S1110: =VLOOKUP($B1110,'[3]Hogares total'!$D$5:$L$1126,7) -> 54 | T1110: =VLOOKUP($B1110,'[3]Hogares total'!$D$5:$L$1126,8) -> 54 | U1110: =VLOOKUP($B1110,'[3]Hogares total'!$D$5:$L$1126,9) -> 55 | W1110: =+$E1110/O1110 -> 0.0032154341 | X1110: =+$I1110/P1110 -> 0.0064516129 | Y1110: =+$M1110/Q1110 -> 0.0031055901 | AA1110: =+$E1110/S1110 -> 0.018518519 | AB1110: =+$I1110/T1110 -> 0.037037037 | AC1110: =+$M1110/U1110 -> 0.018181818 | AD1110: =IF(AC1110<=0.2,U1110,"") -> 55 | AE1110: =IF(AC1110<=0.2,M1110,"") -> 1 | AF1110: =IF(AC1110<=0.2,AD1110-AE1110,"") -> 54 | AG1110: =IF(AC1110>100%,C1110,"")
B1111: 94886 | C1111: =VLOOKUP(B1111,[2]Municipal!$C$15:$D$60549,2) -> Cacahual (CD) | D1111: =+[1]Total!B1109 -> 16 | E1111: =+[1]Total!C1109 -> 18 | F1111: =+[1]Total!D1109 -> 11 | G1111: =+[1]Total!E1109 -> 8 | H1111: =+[1]Total!G1109 -> 22 | I1111: =+[1]Total!H1109 -> 22 | J1111: =+[1]Total!I1109 -> 13 | K1111: =+[1]Total!J1109 -> 10 | L1111: =+[1]Total!L1109 -> 17 | M1111: =+[1]Total!M1109 -> 21 | N1111: =VLOOKUP($B1111,'[2]pop-2020-2023'!$I$5:$M$1126,2) -> 908 | O1111: =VLOOKUP($B1111,'[2]pop-2020-2023'!$I$5:$M$1126,3) -> 932 | P1111: =VLOOKUP($B1111,'[2]pop-2020-2023'!$I$5:$M$1126,4) -> 969 | Q1111: =VLOOKUP($B1111,'[2]pop-2020-2023'!$I$5:$M$1126,5) -> 978 | R1111: =VLOOKUP($B1111,'[3]Hogares total'!$D$5:$L$1126,6) -> 132 | S1111: =VLOOKUP($B1111,'[3]Hogares total'!$D$5:$L$1126,7) -> 134 | T1111: =VLOOKUP($B1111,'[3]Hogares total'!$D$5:$L$1126,8) -> 135 | U1111: =VLOOKUP($B1111,'[3]Hogares total'!$D$5:$L$1126,9) -> 137 | W1111: =+$E1111/O1111 -> 0.019313305 | X1111: =+$I1111/P1111 -> 0.022703818 | Y1111: =+$M1111/Q1111 -> 0.021472393 | AA1111: =+$E1111/S1111 -> 0.13432836 | AB1111: =+$I1111/T1111 -> 0.16296296 | AC1111: =+$M1111/U1111 -> 0.15328467 | AD1111: =IF(AC1111<=0.2,U1111,"") -> 137 | AE1111: =IF(AC1111<=0.2,M1111,"") -> 21 | AF1111: =IF(AC1111<=0.2,AD1111-AE1111,"") -> 116 | AG1111: =IF(AC1111>100%,C1111,"")
B1112: 94887 | C1112: =VLOOKUP(B1112,[2]Municipal!$C$15:$D$60549,2) -> Pana Pana (CD) | D1112: =+[1]Total!B1110 -> 1 | E1112: =+[1]Total!C1110 -> 2 | F1112: =+[1]Total!D1110 -> 1 | G1112: =+[1]Total!E1110 -> 0 | H1112: =+[1]Total!G1110 -> 3 | I1112: =+[1]Total!H1110 -> 3 | J1112: =+[1]Total!I1110 -> 2 | K1112: =+[1]Total!J1110 -> 1 | L1112: =+[1]Total!L1110 -> 2 | M1112: =+[1]Total!M1110 -> 0 | N1112: =VLOOKUP($B1112,'[2]pop-2020-2023'!$I$5:$M$1126,2) -> 2078 | O1112: =VLOOKUP($B1112,'[2]pop-2020-2023'!$I$5:$M$1126,3) -> 2152 | P1112: =VLOOKUP($B1112,'[2]pop-2020-2023'!$I$5:$M$1126,4) -> 2210 | Q1112: =VLOOKUP($B1112,'[2]pop-2020-2023'!$I$5:$M$1126,5) -> 2263 | R1112: =VLOOKUP($B1112,'[3]Hogares total'!$D$5:$L$1126,6) -> 383 | S1112: =VLOOKUP($B1112,'[3]Hogares total'!$D$5:$L$1126,7) -> 392 | T1112: =VLOOKUP($B1112,'[3]Hogares total'!$D$5:$L$1126,8) -> 401 | U1112: =VLOOKUP($B1112,'[3]Hogares total'!$D$5:$L$1126,9) -> 409 | W1112: =+$E1112/O1112 -> 0.00092936803 | X1112: =+$I1112/P1112 -> 0.0013574661 | Y1112: =+$M1112/Q1112 -> 0 | AA1112: =+$E1112/S1112 -> 0.0051020408 | AB1112: =+$I1112/T1112 -> 0.0074812968 | AC1112: =+$M1112/U1112 -> 0 | AD1112: =IF(AC1112<=0.2,U1112,"") -> 409 | AE1112: =IF(AC1112<=0.2,M1112,"") -> 0 | AF1112: =IF(AC1112<=0.2,AD1112-AE1112,"") -> 409 | AG1112: =IF(AC1112>100%,C1112,"")
B1113: 94888 | C1113: =VLOOKUP(B1113,[2]Municipal!$C$15:$D$60549,2) -> Morichal (CD) | D1113: =+[1]Total!B1111 -> 4 | E1113: =+[1]Total!C1111 -> 4 | F1113: =+[1]Total!D1111 -> 1 | G1113: =+[1]Total!E1111 -> 2 | H1113: =+[1]Total!G1111 -> 3 | I1113: =+[1]Total!H1111 -> 4 | J1113: =+[1]Total!I1111 -> 3 | K1113: =+[1]Total!J1111 -> 2 | L1113: =+[1]Total!L1111 -> 3 | M1113: =+[1]Total!M1111 -> 1 | N1113: =VLOOKUP($B1113,'[2]pop-2020-2023'!$I$5:$M$1126,2) -> 945 | O1113: =VLOOKUP($B1113,'[2]pop-2020-2023'!$I$5:$M$1126,3) -> 955 | P1113: =VLOOKUP($B1113,'[2]pop-2020-2023'!$I$5:$M$1126,4) -> 985 | Q1113: =VLOOKUP($B1113,'[2]pop-2020-2023'!$I$5:$M$1126,5) -> 1024 | R1113: =VLOOKUP($B1113,'[3]Hogares total'!$D$5:$L$1126,6) -> 148 | S1113: =VLOOKUP($B1113,'[3]Hogares total'!$D$5:$L$1126,7) -> 151 | T1113: =VLOOKUP($B1113,'[3]Hogares total'!$D$5:$L$1126,8) -> 155 | U1113: =VLOOKUP($B1113,'[3]Hogares total'!$D$5:$L$1126,9) -> 157 | W1113: =+$E1113/O1113 -> 0.0041884817 | X1113: =+$I1113/P1113 -> 0.0040609137 | Y1113: =+$M1113/Q1113 -> 0.0009765625 | AA1113: =+$E1113/S1113 -> 0.026490066 | AB1113: =+$I1113/T1113 -> 0.025806452 | AC1113: =+$M1113/U1113 -> 0.0063694268 | AD1113: =IF(AC1113<=0.2,U1113,"") -> 157 | AE1113: =IF(AC1113<=0.2,M1113,"") -> 1 | AF1113: =IF(AC1113<=0.2,AD1113-AE1113,"") -> 156 | AG1113: =IF(AC1113>100%,C1113,"")
B1114: 95001 | C1114: =VLOOKUP(B1114,[2]Municipal!$C$15:$D$60549,2) -> San José del Guaviare | D1114: =+[1]Total!B1112 -> 2038 | E1114: =+[1]Total!C1112 -> 1878 | F1114: =+[1]Total!D1112 -> 1736 | G1114: =+[1]Total!E1112 -> 1685 | H1114: =+[1]Total!G1112 -> 1602 | I1114: =+[1]Total!H1112 -> 1519 | J1114: =+[1]Total!I1112 -> 1433 | K1114: =+[1]Total!J1112 -> 1258 | L1114: =+[1]Total!L1112 -> 1154 | M1114: =+[1]Total!M1112 -> 1142 | N1114: =VLOOKUP($B1114,'[2]pop-2020-2023'!$I$5:$M$1126,2) -> 56294 | O1114: =VLOOKUP($B1114,'[2]pop-2020-2023'!$I$5:$M$1126,3) -> 57717 | P1114: =VLOOKUP($B1114,'[2]pop-2020-2023'!$I$5:$M$1126,4) -> 59555 | Q1114: =VLOOKUP($B1114,'[2]pop-2020-2023'!$I$5:$M$1126,5) -> 61403 | R1114: =VLOOKUP($B1114,'[3]Hogares total'!$D$5:$L$1126,6) -> 17330 | S1114: =VLOOKUP($B1114,'[3]Hogares total'!$D$5:$L$1126,7) -> 17996 | T1114: =VLOOKUP($B1114,'[3]Hogares total'!$D$5:$L$1126,8) -> 18697 | U1114: =VLOOKUP($B1114,'[3]Hogares total'!$D$5:$L$1126,9) -> 19436 | W1114: =+$E1114/O1114 -> 0.032538074 | X1114: =+$I1114/P1114 -> 0.025505835 | Y1114: =+$M1114/Q1114 -> 0.01859844 | AA1114: =+$E1114/S1114 -> 0.10435652 | AB1114: =+$I1114/T1114 -> 0.08124298 | AC1114: =+$M1114/U1114 -> 0.058756946 | AD1114: =IF(AC1114<=0.2,U1114,"") -> 19436 | AE1114: =IF(AC1114<=0.2,M1114,"") -> 1142 | AF1114: =IF(AC1114<=0.2,AD1114-AE1114,"") -> 18294 | AG1114: =IF(AC1114>100%,C1114,"")
B1115: 95015 | C1115: =VLOOKUP(B1115,[2]Municipal!$C$15:$D$60549,2) -> Calamar | D1115: =+[1]Total!B1113 -> 325 | E1115: =+[1]Total!C1113 -> 341 | F1115: =+[1]Total!D1113 -> 344 | G1115: =+[1]Total!E1113 -> 322 | H1115: =+[1]Total!G1113 -> 338 | I1115: =+[1]Total!H1113 -> 252 | J1115: =+[1]Total!I1113 -> 231 | K1115: =+[1]Total!J1113 -> 256 | L1115: =+[1]Total!L1113 -> 243 | M1115: =+[1]Total!M1113 -> 232 | N1115: =VLOOKUP($B1115,'[2]pop-2020-2023'!$I$5:$M$1126,2) -> 10281 | O1115: =VLOOKUP($B1115,'[2]pop-2020-2023'!$I$5:$M$1126,3) -> 10614 | P1115: =VLOOKUP($B1115,'[2]pop-2020-2023'!$I$5:$M$1126,4) -> 10942 | Q1115: =VLOOKUP($B1115,'[2]pop-2020-2023'!$I$5:$M$1126,5) -> 11282 | R1115: =VLOOKUP($B1115,'[3]Hogares total'!$D$5:$L$1126,6) -> 3129 | S1115: =VLOOKUP($B1115,'[3]Hogares total'!$D$5:$L$1126,7) -> 3233 | T1115: =VLOOKUP($B1115,'[3]Hogares total'!$D$5:$L$1126,8) -> 3345 | U1115: =VLOOKUP($B1115,'[3]Hogares total'!$D$5:$L$1126,9) -> 3463 | W1115: =+$E1115/O1115 -> 0.032127379 | X1115: =+$I1115/P1115 -> 0.023030525 | Y1115: =+$M1115/Q1115 -> 0.02056373 | AA1115: =+$E1115/S1115 -> 0.10547479 | AB1115: =+$I1115/T1115 -> 0.075336323 | AC1115: =+$M1115/U1115 -> 0.066993936 | AD1115: =IF(AC1115<=0.2,U1115,"") -> 3463 | AE1115: =IF(AC1115<=0.2,M1115,"") -> 232 | AF1115: =IF(AC1115<=0.2,AD1115-AE1115,"") -> 3231 | AG1115: =IF(AC1115>100%,C1115,"")
B1116: 95025 | C1116: =VLOOKUP(B1116,[2]Municipal!$C$15:$D$60549,2) -> El Retorno | D1116: =+[1]Total!B1114 -> 114 | E1116: =+[1]Total!C1114 -> 136 | F1116: =+[1]Total!D1114 -> 146 | G1116: =+[1]Total!E1114 -> 166 | H1116: =+[1]Total!G1114 -> 177 | I1116: =+[1]Total!H1114 -> 59 | J1116: =+[1]Total!I1114 -> 76 | K1116: =+[1]Total!J1114 -> 97 | L1116: =+[1]Total!L1114 -> 119 | M1116: =+[1]Total!M1114 -> 88 | N1116: =VLOOKUP($B1116,'[2]pop-2020-2023'!$I$5:$M$1126,2) -> 15211 | O1116: =VLOOKUP($B1116,'[2]pop-2020-2023'!$I$5:$M$1126,3) -> 15913 | P1116: =VLOOKUP($B1116,'[2]pop-2020-2023'!$I$5:$M$1126,4) -> 16418 | Q1116: =VLOOKUP($B1116,'[2]pop-2020-2023'!$I$5:$M$1126,5) -> 16984 | R1116: =VLOOKUP($B1116,'[3]Hogares total'!$D$5:$L$1126,6) -> 3870 | S1116: =VLOOKUP($B1116,'[3]Hogares total'!$D$5:$L$1126,7) -> 3984 | T1116: =VLOOKUP($B1116,'[3]Hogares total'!$D$5:$L$1126,8) -> 4104 | U1116: =VLOOKUP($B1116,'[3]Hogares total'!$D$5:$L$1126,9) -> 4232 | W1116: =+$E1116/O1116 -> 0.0085464714 | X1116: =+$I1116/P1116 -> 0.0035936168 | Y1116: =+$M1116/Q1116 -> 0.0051813472 | AA1116: =+$E1116/S1116 -> 0.034136546 | AB1116: =+$I1116/T1116 -> 0.014376218 | AC1116: =+$M1116/U1116 -> 0.020793951 | AD1116: =IF(AC1116<=0.2,U1116,"") -> 4232 | AE1116: =IF(AC1116<=0.2,M1116,"") -> 88 | AF1116: =IF(AC1116<=0.2,AD1116-AE1116,"") -> 4144 | AG1116: =IF(AC1116>100%,C1116,"")
B1117: 95200 | C1117: =VLOOKUP(B1117,[2]Municipal!$C$15:$D$60549,2) -> Miraflores | D1117: =+[1]Total!B1115 -> 159 | E1117: =+[1]Total!C1115 -> 159 | F1117: =+[1]Total!D1115 -> 180 | G1117: =+[1]Total!E1115 -> 183 | H1117: =+[1]Total!G1115 -> 12 | I1117: =+[1]Total!H1115 -> 12 | J1117: =+[1]Total!I1115 -> 23 | K1117: =+[1]Total!J1115 -> 14 | L1117: =+[1]Total!L1115 -> 17 | M1117: =+[1]Total!M1115 -> 14 | N1117: =VLOOKUP($B1117,'[2]pop-2020-2023'!$I$5:$M$1126,2) -> 7264 | O1117: =VLOOKUP($B1117,'[2]pop-2020-2023'!$I$5:$M$1126,3) -> 7473 | P1117: =VLOOKUP($B1117,'[2]pop-2020-2023'!$I$5:$M$1126,4) -> 7710 | Q1117: =VLOOKUP($B1117,'[2]pop-2020-2023'!$I$5:$M$1126,5) -> 7947 | R1117: =VLOOKUP($B1117,'[3]Hogares total'!$D$5:$L$1126,6) -> 2197 | S1117: =VLOOKUP($B1117,'[3]Hogares total'!$D$5:$L$1126,7) -> 2259 | T1117: =VLOOKUP($B1117,'[3]Hogares total'!$D$5:$L$1126,8) -> 2326 | U1117: =VLOOKUP($B1117,'[3]Hogares total'!$D$5:$L$1126,9) -> 2399 | W1117: =+$E1117/O1117 -> 0.021276596 | X1117: =+$I1117/P1117 -> 0.0015564202 | Y1117: =+$M1117/Q1117 -> 0.0017616711 | AA1117: =+$E1117/S1117 -> 0.070385126 | AB1117: =+$I1117/T1117 -> 0.0051590714 | AC1117: =+$M1117/U1117 -> 0.0058357649 | AD1117: =IF(AC1117<=0.2,U1117,"") -> 2399 | AE1117: =IF(AC1117<=0.2,M1117,"") -> 14 | AF1117: =IF(AC1117<=0.2,AD1117-AE1117,"") -> 2385 | AG1117: =IF(AC1117>100%,C1117,"")
B1118: 97001 | C1118: =VLOOKUP(B1118,[2]Municipal!$C$15:$D$60549,2) -> Mitú | D1118: =+[1]Total!B1116 -> 34 | E1118: =+[1]Total!C1116 -> 37 | F1118: =+[1]Total!D1116 -> 44 | G1118: =+[1]Total!E1116 -> 52 | H1118: =+[1]Total!G1116 -> 55 | I1118: =+[1]Total!H1116 -> 54 | J1118: =+[1]Total!I1116 -> 61 | K1118: =+[1]Total!J1116 -> 74 | L1118: =+[1]Total!L1116 -> 79 | M1118: =+[1]Total!M1116 -> 67 | N1118: =VLOOKUP($B1118,'[2]pop-2020-2023'!$I$5:$M$1126,2) -> 31485 | O1118: =VLOOKUP($B1118,'[2]pop-2020-2023'!$I$5:$M$1126,3) -> 32301 | P1118: =VLOOKUP($B1118,'[2]pop-2020-2023'!$I$5:$M$1126,4) -> 33167 | Q1118: =VLOOKUP($B1118,'[2]pop-2020-2023'!$I$5:$M$1126,5) -> 34037 | R1118: =VLOOKUP($B1118,'[3]Hogares total'!$D$5:$L$1126,6) -> 6112 | S1118: =VLOOKUP($B1118,'[3]Hogares total'!$D$5:$L$1126,7) -> 6494 | T1118: =VLOOKUP($B1118,'[3]Hogares total'!$D$5:$L$1126,8) -> 6895 | U1118: =VLOOKUP($B1118,'[3]Hogares total'!$D$5:$L$1126,9) -> 7294 | W1118: =+$E1118/O1118 -> 0.0011454754 | X1118: =+$I1118/P1118 -> 0.0016281243 | Y1118: =+$M1118/Q1118 -> 0.0019684461 | AA1118: =+$E1118/S1118 -> 0.005697567 | AB1118: =+$I1118/T1118 -> 0.0078317621 | AC1118: =+$M1118/U1118 -> 0.009185632 | AD1118: =IF(AC1118<=0.2,U1118,"") -> 7294 | AE1118: =IF(AC1118<=0.2,M1118,"") -> 67 | AF1118: =IF(AC1118<=0.2,AD1118-AE1118,"") -> 7227 | AG1118: =IF(AC1118>100%,C1118,"")
B1119: 97161 | C1119: =VLOOKUP(B1119,[2]Municipal!$C$15:$D$60549,2) -> Carurú | D1119: =+[1]Total!B1117 -> 6 | E1119: =+[1]Total!C1117 -> 6 | F1119: =+[1]Total!D1117 -> 7 | G1119: =+[1]Total!E1117 -> 7 | H1119: =+[1]Total!G1117 -> 7 | I1119: =+[1]Total!H1117 -> 7 | J1119: =+[1]Total!I1117 -> 10 | K1119: =+[1]Total!J1117 -> 10 | L1119: =+[1]Total!L1117 -> 10 | M1119: =+[1]Total!M1117 -> 18 | N1119: =VLOOKUP($B1119,'[2]pop-2020-2023'!$I$5:$M$1126,2) -> 3181 | O1119: =VLOOKUP($B1119,'[2]pop-2020-2023'!$I$5:$M$1126,3) -> 3294 | P1119: =VLOOKUP($B1119,'[2]pop-2020-2023'!$I$5:$M$1126,4) -> 3408 | Q1119: =VLOOKUP($B1119,'[2]pop-2020-2023'!$I$5:$M$1126,5) -> 3497 | R1119: =VLOOKUP($B1119,'[3]Hogares total'!$D$5:$L$1126,6) -> 603 | S1119: =VLOOKUP($B1119,'[3]Hogares total'!$D$5:$L$1126,7) -> 640 | T1119: =VLOOKUP($B1119,'[3]Hogares total'!$D$5:$L$1126,8) -> 680 | U1119: =VLOOKUP($B1119,'[3]Hogares total'!$D$5:$L$1126,9) -> 721 | W1119: =+$E1119/O1119 -> 0.0018214936 | X1119: =+$I1119/P1119 -> 0.0020539906 | Y1119: =+$M1119/Q1119 -> 0.0051472691 | AA1119: =+$E1119/S1119 -> 0.009375 | AB1119: =+$I1119/T1119 -> 0.010294118 | AC1119: =+$M1119/U1119 -> 0.024965326 | AD1119: =IF(AC1119<=0.2,U1119,"") -> 721 | AE1119: =IF(AC1119<=0.2,M1119,"") -> 18 | AF1119: =IF(AC1119<=0.2,AD1119-AE1119,"") -> 703 | AG1119: =IF(AC1119>100%,C1119,"")
... B1127: 99773 | C1127: =VLOOKUP(B1127,[2]Municipal!$C$15:$D$60549,2) -> Cumaribo | D1127: =+[1]Total!B1125 -> 23 | E1127: =+[1]Total!C1125 -> 23 | F1127: =+[1]Total!D1125 -> 44 | G1127: =+[1]Total!E1125 -> 41 | H1127: =+[1]Total!G1125 -> 52 | I1127: =+[1]Total!H1125 -> 53 | J1127: =+[1]Total!I1125 -> 45 | K1127: =+[1]Total!J1125 -> 51 | L1127: =+[1]Total!L1125 -> 68 | M1127: =+[1]Total!M1125 -> 32 | N1127: =VLOOKUP($B1127,'[2]pop-2020-2023'!$I$5:$M$1126,2) -> 79122 | O1127: =VLOOKUP($B1127,'[2]pop-2020-2023'!$I$5:$M$1126,3) -> 81958 | P1127: =VLOOKUP($B1127,'[2]pop-2020-2023'!$I$5:$M$1126,4) -> 83791 | Q1127: =VLOOKUP($B1127,'[2]pop-2020-2023'!$I$5:$M$1126,5) -> 85539 | R1127: =VLOOKUP($B1127,'[3]Hogares total'!$D$5:$L$1126,6) -> 18987 | S1127: =VLOOKUP($B1127,'[3]Hogares total'!$D$5:$L$1126,7) -> 19655 | T1127: =VLOOKUP($B1127,'[3]Hogares total'!$D$5:$L$1126,8) -> 20274 | U1127: =VLOOKUP($B1127,'[3]Hogares total'!$D$5:$L$1126,9) -> 20880 | W1127: =+$E1127/O1127 -> 0.00028063154 | X1127: =+$I1127/P1127 -> 0.00063252617 | Y1127: =+$M1127/Q1127 -> 0.00037409836 | AA1127: =+$E1127/S1127 -> 0.0011701857 | AB1127: =+$I1127/T1127 -> 0.0026141857 | AC1127: =+$M1127/U1127 -> 0.001532567 | AD1127: =IF(AC1127<=0.2,U1127,"") -> 20880 | AE1127: =IF(AC1127<=0.2,M1127,"") -> 32 | AF1127: =IF(AC1127<=0.2,AD1127-AE1127,"") -> 20848 | AG1127: =IF(AC1127>100%,C1127,"")
B1128: TOTAL PAÍS | D1128: =SUM(D5:D1127) -> 8128187 | E1128: =SUM(E5:E1127) -> 8293627 | F1128: =SUM(F5:F1127) -> 8342414 | G1128: =SUM(G5:G1127) -> 8454845 | H1128: =SUM(H5:H1127) -> 8729355 | I1128: =SUM(I5:I1127) -> 8707849 | J1128: =SUM(J5:J1127) -> 8833451 | K1128: =SUM(K5:K1127) -> 8921317 | ... U1128: =SUM(U5:U1127) -> 17822544 | W1128: =+$E1128/O1128 -> 0.16224672 | X1128: =+$I1128/P1128 -> 0.16848675 | Y1128: =+$M1128/Q1128 -> 0.1708528 | AA1128: =+$E1128/S1128 -> 0.49103862 | AB1128: =+$I1128/T1128 -> 0.50179463 | AC1128: =+$M1128/U1128 -> 0.50055508 | AD1128: =SUM(AD5:AD1127) -> 4229462 | AE1128: =SUM(AE5:AE1127) -> 332995 | AF1128: =SUM(AF5:AF1127) -> 3896467
A1130: AS | B1130: =+[1]Total!A1126 -> Total general | D1130: =+[1]Total!B1126-D1128 -> 0 | E1130: =+[1]Total!C1126-E1128 -> 0 | F1130: =+[1]Total!D1126-F1128 -> 0 | G1130: =+[1]Total!E1126-G1128 -> 0 | H1130: =+[1]Total!G1126-H1128 -> 0 | I1130: =+[1]Total!H1126-I1128 -> 0 | J1130: =+[1]Total!I1126-J1128 -> 0 | K1130: =+[1]Total!J1126-K1128 -> 0 | L1130: =+[1]Total!L1126-L1128 -> 0 | M1130: =+[1]Total!M1126-M1128 -> 0 | N1130: =+N1128-'[2]pop-2020-2023'!J$1127 -> 0 | O1130: =+O1128-'[2]pop-2020-2023'!K$1127 -> 0 | P1130: =+P1128-'[2]pop-2020-2023'!L$1127 -> 0 | Q1130: =+Q1128-'[2]pop-2020-2023'!M$1127 -> 0 | R1130: =+R1128-'[3]Hogares total'!I1127 -> 0 | S1130: =+S1128-'[3]Hogares total'!J1127 -> 0 | T1130: =+T1128-'[3]Hogares total'!K1127 -> 0 | U1130: =+U1128-'[3]Hogares total'!L1127 -> 0
T1131: =+P1128/T1128 -> 2.9782438

Sheet Accesos x Municipio-NoCorporati
V1: D E N S I D A D / P E N E T R A C I O N D E I N T E R N E T
D2: A C C E S O S D E I N T E R N E T | N2: P O B L A C I O N | R2: H O G A R E S | V2: S O B R E P O B L A C I O N | Z2: S O B R E H O G A R E S
D3: =+[1]Total!$B$4 -> 2021 | H3: =+[1]Total!$G$4 -> 2022 | L3: 2023 | N3: 2020 | O3: =+N3+1 -> 2021 | P3: =+O3+1 -> 2022 | Q3: =+P3+1 -> 2023 | R3: 2020 | S3: =+R3+1 -> 2021 | T3: =+S3+1 -> 2022 | U3: =+T3+1 -> 2023 | V3: 2020 | W3: =+V3+1 -> 2021 | X3: =+W3+1 -> 2022 | Y3: =+X3+1 -> 2023 | Z3: 2020 | AA3: =+Z3+1 -> 2021 | AB3: =+AA3+1 -> 2022 | AC3: =+AB3+1 -> 2023
C4: Municipio | D4: =+[1]Total!B5 -> 1 | E4: =+[1]Total!C5 -> 2 | F4: =+[1]Total!D5 -> 3 | G4: =+[1]Total!E5 -> 4 | H4: =+[1]Total!G5 -> 1 | I4: =+[1]Total!H5 -> 2 | J4: =+[1]Total!I5 -> 3 | K4: =+[1]Total!J5 -> 4 | L4: =+[1]Total!L5 -> 1 | M4: =+[1]Total!M5 -> 2
B5: 05001 | C5: =VLOOKUP(B5,[2]Municipal!$C$15:$D$60549,2) -> Medellín | D5: =VLOOKUP($B5,'[1]Sin Corporativo'!$Q$6:$AA$1115,2) -> 629451 | E5: =VLOOKUP($B5,'[1]Sin Corporativo'!$Q$6:$AA$1115,3) -> 628745 | F5: =VLOOKUP($B5,'[1]Sin Corporativo'!$Q$6:$AA$1115,4) -> 636827 | G5: =VLOOKUP($B5,'[1]Sin Corporativo'!$Q$6:$AA$1115,5) -> 644738 | H5: =VLOOKUP($B5,'[1]Sin Corporativo'!$Q$6:$AA$1115,6) -> 658682 | I5: =VLOOKUP($B5,'[1]Sin Corporativo'!$Q$6:$AA$1115,7) -> 669364 | J5: =VLOOKUP($B5,'[1]Sin Corporativo'!$Q$6:$AA$1115,8) -> 673935 | K5: =VLOOKUP($B5,'[1]Sin Corporativo'!$Q$6:$AA$1115,9) -> 692550 | L5: =VLOOKUP($B5,'[1]Sin Corporativo'!$Q$6:$AA$1115,10) -> 692168 | M5: =VLOOKUP($B5,'[1]Sin Corporativo'!$Q$6:$AA$1115,11) -> 697999 | N5: =VLOOKUP($B5,'[2]pop-2020-2023'!$I$5:$M$1126,2) -> 2519592 | O5: =VLOOKUP($B5,'[2]pop-2020-2023'!$I$5:$M$1126,3) -> 2549008 | P5: =VLOOKUP($B5,'[2]pop-2020-2023'!$I$5:$M$1126,4) -> 2572350 | Q5: =VLOOKUP($B5,'[2]pop-2020-2023'!$I$5:$M$1126,5) -> 2595300 | R5: =VLOOKUP($B5,'[3]Hogares total'!$D$5:$L$1126,6) -> 878480 | S5: =VLOOKUP($B5,'[3]Hogares total'!$D$5:$L$1126,7) -> 908775 | T5: =VLOOKUP($B5,'[3]Hogares total'!$D$5:$L$1126,8) -> 939966 | U5: =VLOOKUP($B5,'[3]Hogares total'!$D$5:$L$1126,9) -> 972037 | W5: =+$E5/O5 -> 0.24666262 | X5: =+$I5/P5 -> 0.26021498 | Y5: =+$M5/Q5 -> 0.26894733 | AA5: =+$E5/S5 -> 0.69185992 | AB5: =+$I5/T5 -> 0.71211512 | AC5: =+$M5/U5 -> 0.71807863 | AD5: =+T5-K5 -> 247416
B6: 05002 | C6: =VLOOKUP(B6,[2]Municipal!$C$15:$D$60549,2) -> Abejorral | D6: =VLOOKUP($B6,'[1]Sin Corporativo'!$Q$6:$AA$1115,2) -> 2055 | E6: =VLOOKUP($B6,'[1]Sin Corporativo'!$Q$6:$AA$1115,3) -> 2241 | F6: =VLOOKUP($B6,'[1]Sin Corporativo'!$Q$6:$AA$1115,4) -> 2195 | G6: =VLOOKUP($B6,'[1]Sin Corporativo'!$Q$6:$AA$1115,5) -> 2129 | H6: =VLOOKUP($B6,'[1]Sin Corporativo'!$Q$6:$AA$1115,6) -> 2309 | I6: =VLOOKUP($B6,'[1]Sin Corporativo'!$Q$6:$AA$1115,7) -> 2323 | J6: =VLOOKUP($B6,'[1]Sin Corporativo'!$Q$6:$AA$1115,8) -> 2284 | K6: =VLOOKUP($B6,'[1]Sin Corporativo'!$Q$6:$AA$1115,9) -> 2220 | L6: =VLOOKUP($B6,'[1]Sin Corporativo'!$Q$6:$AA$1115,10) -> 950 | M6: =VLOOKUP($B6,'[1]Sin Corporativo'!$Q$6:$AA$1115,11) -> 869 | N6: =VLOOKUP($B6,'[2]pop-2020-2023'!$I$5:$M$1126,2) -> 20823 | O6: =VLOOKUP($B6,'[2]pop-2020-2023'!$I$5:$M$1126,3) -> 20924 | P6: =VLOOKUP($B6,'[2]pop-2020-2023'!$I$5:$M$1126,4) -> 21109 | Q6: =VLOOKUP($B6,'[2]pop-2020-2023'!$I$5:$M$1126,5) -> 21297 | R6: =VLOOKUP($B6,'[3]Hogares total'!$D$5:$L$1126,6) -> 6942 | S6: =VLOOKUP($B6,'[3]Hogares total'!$D$5:$L$1126,7) -> 7177 | T6: =VLOOKUP($B6,'[3]Hogares total'!$D$5:$L$1126,8) -> 7411 | U6: =VLOOKUP($B6,'[3]Hogares total'!$D$5:$L$1126,9) -> 7650 | W6: =+$E6/O6 -> 0.10710189 | X6: =+$I6/P6 -> 0.11004785 | Y6: =+$M6/Q6 -> 0.040803869 | AA6: =+$E6/S6 -> 0.31224746 | AB6: =+$I6/T6 -> 0.31345298 | AC6: =+$M6/U6 -> 0.11359477 | AD6: =IF(AC6>100%,">100%","")
B7: 05004 | C7: =VLOOKUP(B7,[2]Municipal!$C$15:$D$60549,2) -> Abriaquí | D7: =VLOOKUP($B7,'[1]Sin Corporativo'!$Q$6:$AA$1115,2) -> 127 | E7: =VLOOKUP($B7,'[1]Sin Corporativo'!$Q$6:$AA$1115,3) -> 134 | F7: =VLOOKUP($B7,'[1]Sin Corporativo'!$Q$6:$AA$1115,4) -> 137 | G7: =VLOOKUP($B7,'[1]Sin Corporativo'!$Q$6:$AA$1115,5) -> 136 | H7: =VLOOKUP($B7,'[1]Sin Corporativo'!$Q$6:$AA$1115,6) -> 140 | I7: =VLOOKUP($B7,'[1]Sin Corporativo'!$Q$6:$AA$1115,7) -> 141 | J7: =VLOOKUP($B7,'[1]Sin Corporativo'!$Q$6:$AA$1115,8) -> 131 | K7: =VLOOKUP($B7,'[1]Sin Corporativo'!$Q$6:$AA$1115,9) -> 132 | L7: =VLOOKUP($B7,'[1]Sin Corporativo'!$Q$6:$AA$1115,10) -> 124 | M7: =VLOOKUP($B7,'[1]Sin Corporativo'!$Q$6:$AA$1115,11) -> 122 | N7: =VLOOKUP($B7,'[2]pop-2020-2023'!$I$5:$M$1126,2) -> 2775 | O7: =VLOOKUP($B7,'[2]pop-2020-2023'!$I$5:$M$1126,3) -> 2777 | P7: =VLOOKUP($B7,'[2]pop-2020-2023'!$I$5:$M$1126,4) -> 2804 | Q7: =VLOOKUP($B7,'[2]pop-2020-2023'!$I$5:$M$1126,5) -> 2841 | R7: =VLOOKUP($B7,'[3]Hogares total'!$D$5:$L$1126,6) -> 968 | S7: =VLOOKUP($B7,'[3]Hogares total'!$D$5:$L$1126,7) -> 1004 | T7: =VLOOKUP($B7,'[3]Hogares total'!$D$5:$L$1126,8) -> 1036 | U7: =VLOOKUP($B7,'[3]Hogares total'!$D$5:$L$1126,9) -> 1071 | W7: =+$E7/O7 -> 0.048253511 | X7: =+$I7/P7 -> 0.050285307 | Y7: =+$M7/Q7 -> 0.042942626 | AA7: =+$E7/S7 -> 0.13346614 | AB7: =+$I7/T7 -> 0.13610039 | AC7: =+$M7/U7 -> 0.11391223 | AD7: =IF(AC7>100%,">100%","")
B8: 05021 | C8: =VLOOKUP(B8,[2]Municipal!$C$15:$D$60549,2) -> Alejandría | D8: =VLOOKUP($B8,'[1]Sin Corporativo'!$Q$6:$AA$1115,2) -> 150 | E8: =VLOOKUP($B8,'[1]Sin Corporativo'!$Q$6:$AA$1115,3) -> 361 | F8: =VLOOKUP($B8,'[1]Sin Corporativo'!$Q$6:$AA$1115,4) -> 399 | G8: =VLOOKUP($B8,'[1]Sin Corporativo'!$Q$6:$AA$1115,5) -> 290 | H8: =VLOOKUP($B8,'[1]Sin Corporativo'!$Q$6:$AA$1115,6) -> 623 | I8: =VLOOKUP($B8,'[1]Sin Corporativo'!$Q$6:$AA$1115,7) -> 399 | J8: =VLOOKUP($B8,'[1]Sin Corporativo'!$Q$6:$AA$1115,8) -> 504 | K8: =VLOOKUP($B8,'[1]Sin Corporativo'!$Q$6:$AA$1115,9) -> 595 | L8: =VLOOKUP($B8,'[1]Sin Corporativo'!$Q$6:$AA$1115,10) -> 549 | M8: =VLOOKUP($B8,'[1]Sin Corporativo'!$Q$6:$AA$1115,11) -> 63 | N8: =VLOOKUP($B8,'[2]pop-2020-2023'!$I$5:$M$1126,2) -> 4790 | O8: =VLOOKUP($B8,'[2]pop-2020-2023'!$I$5:$M$1126,3) -> 4845 | P8: =VLOOKUP($B8,'[2]pop-2020-2023'!$I$5:$M$1126,4) -> 4874 | Q8: =VLOOKUP($B8,'[2]pop-2020-2023'!$I$5:$M$1126,5) -> 4912 | R8: =VLOOKUP($B8,'[3]Hogares total'!$D$5:$L$1126,6) -> 1694 | S8: =VLOOKUP($B8,'[3]Hogares total'!$D$5:$L$1126,7) -> 1750 | T8: =VLOOKUP($B8,'[3]Hogares total'!$D$5:$L$1126,8) -> 1807 | U8: =VLOOKUP($B8,'[3]Hogares total'!$D$5:$L$1126,9) -> 1864 | W8: =+$E8/O8 -> 0.074509804 | X8: =+$I8/P8 -> 0.081862946 | Y8: =+$M8/Q8 -> 0.012825733 | AA8: =+$E8/S8 -> 0.20628571 | AB8: =+$I8/T8 -> 0.22080797 | AC8: =+$M8/U8 -> 0.033798283 | AD8: =IF(AC8>100%,">100%","")
B9: 05030 | C9: =VLOOKUP(B9,[2]Municipal!$C$15:$D$60549,2) -> Amagá | D9: =VLOOKUP($B9,'[1]Sin Corporativo'!$Q$6:$AA$1115,2) -> 3199 | E9: =VLOOKUP($B9,'[1]Sin Corporativo'!$Q$6:$AA$1115,3) -> 3600 | F9: =VLOOKUP($B9,'[1]Sin Corporativo'!$Q$6:$AA$1115,4) -> 3520 | G9: =VLOOKUP($B9,'[1]Sin Corporativo'!$Q$6:$AA$1115,5) -> 3539 | H9: =VLOOKUP($B9,'[1]Sin Corporativo'!$Q$6:$AA$1115,6) -> 3426 | I9: =VLOOKUP($B9,'[1]Sin Corporativo'!$Q$6:$AA$1115,7) -> 3355 | J9: =VLOOKUP($B9,'[1]Sin Corporativo'!$Q$6:$AA$1115,8) -> 3378 | K9: =VLOOKUP($B9,'[1]Sin Corporativo'!$Q$6:$AA$1115,9) -> 3160 | L9: =VLOOKUP($B9,'[1]Sin Corporativo'!$Q$6:$AA$1115,10) -> 3359 | M9: =VLOOKUP($B9,'[1]Sin Corporativo'!$Q$6:$AA$1115,11) -> 2942 | N9: =VLOOKUP($B9,'[2]pop-2020-2023'!$I$5:$M$1126,2) -> 31262 | O9: =VLOOKUP($B9,'[2]pop-2020-2023'!$I$5:$M$1126,3) -> 31548 | P9: =VLOOKUP($B9,'[2]pop-2020-2023'!$I$5:$M$1126,4) -> 31851 | Q9: =VLOOKUP($B9,'[2]pop-2020-2023'!$I$5:$M$1126,5) -> 32142 | R9: =VLOOKUP($B9,'[3]Hogares total'!$D$5:$L$1126,6) -> 10371 | S9: =VLOOKUP($B9,'[3]Hogares total'!$D$5:$L$1126,7) -> 10699 | T9: =VLOOKUP($B9,'[3]Hogares total'!$D$5:$L$1126,8) -> 11033 | U9: =VLOOKUP($B9,'[3]Hogares total'!$D$5:$L$1126,9) -> 11379 | W9: =+$E9/O9 -> 0.11411183 | X9: =+$I9/P9 -> 0.10533421 | Y9: =+$M9/Q9 -> 0.09153133 | AA9: =+$E9/S9 -> 0.33648004 | AB9: =+$I9/T9 -> 0.30408774 | AC9: =+$M9/U9 -> 0.25854645 | AD9: =IF(AC9>100%,">100%","")
B10: 05031 | C10: =VLOOKUP(B10,[2]Municipal!$C$15:$D$60549,2) -> Amalfi | D10: =VLOOKUP($B10,'[1]Sin Corporativo'!$Q$6:$AA$1115,2) -> 1329 | E10: =VLOOKUP($B10,'[1]Sin Corporativo'!$Q$6:$AA$1115,3) -> 1668 | F10: =VLOOKUP($B10,'[1]Sin Corporativo'!$Q$6:$AA$1115,4) -> 1409 | G10: =VLOOKUP($B10,'[1]Sin Corporativo'!$Q$6:$AA$1115,5) -> 1336 | H10: =VLOOKUP($B10,'[1]Sin Corporativo'!$Q$6:$AA$1115,6) -> 1414 | I10: =VLOOKUP($B10,'[1]Sin Corporativo'!$Q$6:$AA$1115,7) -> 1279 | J10: =VLOOKUP($B10,'[1]Sin Corporativo'!$Q$6:$AA$1115,8) -> 1293 | K10: =VLOOKUP($B10,'[1]Sin Corporativo'!$Q$6:$AA$1115,9) -> 1252 | L10: =VLOOKUP($B10,'[1]Sin Corporativo'!$Q$6:$AA$1115,10) -> 1329 | M10: =VLOOKUP($B10,'[1]Sin Corporativo'!$Q$6:$AA$1115,11) -> 900 | N10: =VLOOKUP($B10,'[2]pop-2020-2023'!$I$5:$M$1126,2) -> 26876 | O10: =VLOOKUP($B10,'[2]pop-2020-2023'!$I$5:$M$1126,3) -> 27155 | P10: =VLOOKUP($B10,'[2]pop-2020-2023'!$I$5:$M$1126,4) -> 27398 | Q10: =VLOOKUP($B10,'[2]pop-2020-2023'!$I$5:$M$1126,5) -> 27637 | R10: =VLOOKUP($B10,'[3]Hogares total'!$D$5:$L$1126,6) -> 9115 | S10: =VLOOKUP($B10,'[3]Hogares total'!$D$5:$L$1126,7) -> 9413 | T10: =VLOOKUP($B10,'[3]Hogares total'!$D$5:$L$1126,8) -> 9715 | U10: =VLOOKUP($B10,'[3]Hogares total'!$D$5:$L$1126,9) -> 10026 | W10: =+$E10/O10 -> 0.061425152 | X10: =+$I10/P10 -> 0.04668224 | Y10: =+$M10/Q10 -> 0.03256504 | AA10: =+$E10/S10 -> 0.17720174 | AB10: =+$I10/T10 -> 0.13165208 | AC10: =+$M10/U10 -> 0.089766607 | AD10: =IF(AC10>100%,">100%","")
B11: 05034 | C11: =VLOOKUP(B11,[2]Municipal!$C$15:$D$60549,2) -> Andes | D11: =VLOOKUP($B11,'[1]Sin Corporativo'!$Q$6:$AA$1115,2) -> 3136 | E11: =VLOOKUP($B11,'[1]Sin Corporativo'!$Q$6:$AA$1115,3) -> 3670 | F11: =VLOOKUP($B11,'[1]Sin Corporativo'!$Q$6:$AA$1115,4) -> 3732 | G11: =VLOOKUP($B11,'[1]Sin Corporativo'!$Q$6:$AA$1115,5) -> 3818 | H11: =VLOOKUP($B11,'[1]Sin Corporativo'!$Q$6:$AA$1115,6) -> 3902 | I11: =VLOOKUP($B11,'[1]Sin Corporativo'!$Q$6:$AA$1115,7) -> 3889 | J11: =VLOOKUP($B11,'[1]Sin Corporativo'!$Q$6:$AA$1115,8) -> 4028 | K11: =VLOOKUP($B11,'[1]Sin Corporativo'!$Q$6:$AA$1115,9) -> 4010 | L11: =VLOOKUP($B11,'[1]Sin Corporativo'!$Q$6:$AA$1115,10) -> 3892 | M11: =VLOOKUP($B11,'[1]Sin Corporativo'!$Q$6:$AA$1115,11) -> 3371 | N11: =VLOOKUP($B11,'[2]pop-2020-2023'!$I$5:$M$1126,2) -> 44614 | O11: =VLOOKUP($B11,'[2]pop-2020-2023'!$I$5:$M$1126,3) -> 44983 | P11: =VLOOKUP($B11,'[2]pop-2020-2023'!$I$5:$M$1126,4) -> 45394 | Q11: =VLOOKUP($B11,'[2]pop-2020-2023'!$I$5:$M$1126,5) -> 45796 | R11: =VLOOKUP($B11,'[3]Hogares total'!$D$5:$L$1126,6) -> 14180 | S11: =VLOOKUP($B11,'[3]Hogares total'!$D$5:$L$1126,7) -> 14635 | T11: =VLOOKUP($B11,'[3]Hogares total'!$D$5:$L$1126,8) -> 15095 | U11: =VLOOKUP($B11,'[3]Hogares total'!$D$5:$L$1126,9) -> 15573 | W11: =+$E11/O11 -> 0.081586377 | X11: =+$I11/P11 -> 0.085672115 | Y11: =+$M11/Q11 -> 0.073609049 | AA11: =+$E11/S11 -> 0.25076871 | AB11: =+$I11/T11 -> 0.25763498 | AC11: =+$M11/U11 -> 0.21646439 | AD11: =IF(AC11>100%,">100%","")
B12: 05036 | C12: =VLOOKUP(B12,[2]Municipal!$C$15:$D$60549,2) -> Angelópolis | D12: =VLOOKUP($B12,'[1]Sin Corporativo'!$Q$6:$AA$1115,2) -> 260 | E12: =VLOOKUP($B12,'[1]Sin Corporativo'!$Q$6:$AA$1115,3) -> 405 | F12: =VLOOKUP($B12,'[1]Sin Corporativo'!$Q$6:$AA$1115,4) -> 390 | G12: =VLOOKUP($B12,'[1]Sin Corporativo'!$Q$6:$AA$1115,5) -> 391 | H12: =VLOOKUP($B12,'[1]Sin Corporativo'!$Q$6:$AA$1115,6) -> 483 | I12: =VLOOKUP($B12,'[1]Sin Corporativo'!$Q$6:$AA$1115,7) -> 541 | J12: =VLOOKUP($B12,'[1]Sin Corporativo'!$Q$6:$AA$1115,8) -> 626 | K12: =VLOOKUP($B12,'[1]Sin Corporativo'!$Q$6:$AA$1115,9) -> 533 | L12: =VLOOKUP($B12,'[1]Sin Corporativo'!$Q$6:$AA$1115,10) -> 546 | M12: =VLOOKUP($B12,'[1]Sin Corporativo'!$Q$6:$AA$1115,11) -> 370 | N12: =VLOOKUP($B12,'[2]pop-2020-2023'!$I$5:$M$1126,2) -> 5905 | O12: =VLOOKUP($B12,'[2]pop-2020-2023'!$I$5:$M$1126,3) -> 5963 | P12: =VLOOKUP($B12,'[2]pop-2020-2023'!$I$5:$M$1126,4) -> 6010 | Q12: =VLOOKUP($B12,'[2]pop-2020-2023'!$I$5:$M$1126,5) -> 6082 | R12: =VLOOKUP($B12,'[3]Hogares total'!$D$5:$L$1126,6) -> 2003 | S12: =VLOOKUP($B12,'[3]Hogares total'!$D$5:$L$1126,7) -> 2069 | T12: =VLOOKUP($B12,'[3]Hogares total'!$D$5:$L$1126,8) -> 2136 | U12: =VLOOKUP($B12,'[3]Hogares total'!$D$5:$L$1126,9) -> 2203 | W12: =+$E12/O12 -> 0.067918833 | X12: =+$I12/P12 -> 0.090016639 | Y12: =+$M12/Q12 -> 0.060835252 | AA12: =+$E12/S12 -> 0.19574674 | AB12: =+$I12/T12 -> 0.25327715 | AC12: =+$M12/U12 -> 0.16795279 | AD12: =IF(AC12>100%,">100%","")
B13: 05038 | C13: =VLOOKUP(B13,[2]Municipal!$C$15:$D$60549,2) -> Angostura | D13: =VLOOKUP($B13,'[1]Sin Corporativo'!$Q$6:$AA$1115,2) -> 454 | E13: =VLOOKUP($B13,'[1]Sin Corporativo'!$Q$6:$AA$1115,3) -> 464 | F13: =VLOOKUP($B13,'[1]Sin Corporativo'!$Q$6:$AA$1115,4) -> 475 | G13: =VLOOKUP($B13,'[1]Sin Corporativo'!$Q$6:$AA$1115,5) -> 471 | H13: =VLOOKUP($B13,'[1]Sin Corporativo'!$Q$6:$AA$1115,6) -> 467 | I13: =VLOOKUP($B13,'[1]Sin Corporativo'!$Q$6:$AA$1115,7) -> 486 | J13: =VLOOKUP($B13,'[1]Sin Corporativo'!$Q$6:$AA$1115,8) -> 408 | K13: =VLOOKUP($B13,'[1]Sin Corporativo'!$Q$6:$AA$1115,9) -> 384 | L13: =VLOOKUP($B13,'[1]Sin Corporativo'!$Q$6:$AA$1115,10) -> 343 | M13: =VLOOKUP($B13,'[1]Sin Corporativo'!$Q$6:$AA$1115,11) -> 306 | N13: =VLOOKUP($B13,'[2]pop-2020-2023'!$I$5:$M$1126,2) -> 11742 | O13: =VLOOKUP($B13,'[2]pop-2020-2023'!$I$5:$M$1126,3) -> 11783 | P13: =VLOOKUP($B13,'[2]pop-2020-2023'!$I$5:$M$1126,4) -> 11909 | Q13: =VLOOKUP($B13,'[2]pop-2020-2023'!$I$5:$M$1126,5) -> 12005 | R13: =VLOOKUP($B13,'[3]Hogares total'!$D$5:$L$1126,6) -> 3635 | S13: =VLOOKUP($B13,'[3]Hogares total'!$D$5:$L$1126,7) -> 3762 | T13: =VLOOKUP($B13,'[3]Hogares total'!$D$5:$L$1126,8) -> 3886 | U13: =VLOOKUP($B13,'[3]Hogares total'!$D$5:$L$1126,9) -> 4012 | W13: =+$E13/O13 -> 0.039378766 | X13: =+$I13/P13 -> 0.040809472 | Y13: =+$M13/Q13 -> 0.025489379 | AA13: =+$E13/S13 -> 0.12333865 | AB13: =+$I13/T13 -> 0.12506433 | AC13: =+$M13/U13 -> 0.076271186 | AD13: =IF(AC13>100%,">100%","")
B14: 05040 | C14: =VLOOKUP(B14,[2]Municipal!$C$15:$D$60549,2) -> Anorí | D14: =VLOOKUP($B14,'[1]Sin Corporativo'!$Q$6:$AA$1115,2) -> 1180 | E14: =VLOOKUP($B14,'[1]Sin Corporativo'!$Q$6:$AA$1115,3) -> 1177 | F14: =VLOOKUP($B14,'[1]Sin Corporativo'!$Q$6:$AA$1115,4) -> 1221 | G14: =VLOOKUP($B14,'[1]Sin Corporativo'!$Q$6:$AA$1115,5) -> 1203 | H14: =VLOOKUP($B14,'[1]Sin Corporativo'!$Q$6:$AA$1115,6) -> 1191 | I14: =VLOOKUP($B14,'[1]Sin Corporativo'!$Q$6:$AA$1115,7) -> 1708 | J14: =VLOOKUP($B14,'[1]Sin Corporativo'!$Q$6:$AA$1115,8) -> 1800 | K14: =VLOOKUP($B14,'[1]Sin Corporativo'!$Q$6:$AA$1115,9) -> 1786 | L14: =VLOOKUP($B14,'[1]Sin Corporativo'!$Q$6:$AA$1115,10) -> 1315 | M14: =VLOOKUP($B14,'[1]Sin Corporativo'!$Q$6:$AA$1115,11) -> 1703 | N14: =VLOOKUP($B14,'[2]pop-2020-2023'!$I$5:$M$1126,2) -> 18978 | O14: =VLOOKUP($B14,'[2]pop-2020-2023'!$I$5:$M$1126,3) -> 19192 | P14: =VLOOKUP($B14,'[2]pop-2020-2023'!$I$5:$M$1126,4) -> 19349 | Q14: =VLOOKUP($B14,'[2]pop-2020-2023'!$I$5:$M$1126,5) -> 19527 | R14: =VLOOKUP($B14,'[3]Hogares total'!$D$5:$L$1126,6) -> 6257 | S14: =VLOOKUP($B14,'[3]Hogares total'!$D$5:$L$1126,7) -> 6457 | T14: =VLOOKUP($B14,'[3]Hogares total'!$D$5:$L$1126,8) -> 6658 | U14: =VLOOKUP($B14,'[3]Hogares total'!$D$5:$L$1126,9) -> 6865 | W14: =+$E14/O14 -> 0.061327637 | X14: =+$I14/P14 -> 0.088273296 | Y14: =+$M14/Q14 -> 0.087212577 | AA14: =+$E14/S14 -> 0.18228279 | AB14: =+$I14/T14 -> 0.25653349 | AC14: =+$M14/U14 -> 0.24806992 | AD14: =IF(AC14>100%,">100%","")
B15: 05042 | C15: =VLOOKUP(B15,[2]Municipal!$C$15:$D$60549,2) -> Santafé de Antioquia | D15: =VLOOKUP($B15,'[1]Sin Corporativo'!$Q$6:$AA$1115,2) -> 2734 | E15: =VLOOKUP($B15,'[1]Sin Corporativo'!$Q$6:$AA$1115,3) -> 3196 | F15: =VLOOKUP($B15,'[1]Sin Corporativo'!$Q$6:$AA$1115,4) -> 4001 | G15: =VLOOKUP($B15,'[1]Sin Corporativo'!$Q$6:$AA$1115,5) -> 4057 | H15: =VLOOKUP($B15,'[1]Sin Corporativo'!$Q$6:$AA$1115,6) -> 3310 | I15: =VLOOKUP($B15,'[1]Sin Corporativo'!$Q$6:$AA$1115,7) -> 4147 | J15: =VLOOKUP($B15,'[1]Sin Corporativo'!$Q$6:$AA$1115,8) -> 3481 | K15: =VLOOKUP($B15,'[1]Sin Corporativo'!$Q$6:$AA$1115,9) -> 3635 | L15: =VLOOKUP($B15,'[1]Sin Corporativo'!$Q$6:$AA$1115,10) -> 3527 | M15: =VLOOKUP($B15,'[1]Sin Corporativo'!$Q$6:$AA$1115,11) -> 3077 | N15: =VLOOKUP($B15,'[2]pop-2020-2023'!$I$5:$M$1126,2) -> 27071 | O15: =VLOOKUP($B15,'[2]pop-2020-2023'!$I$5:$M$1126,3) -> 27327 | P15: =VLOOKUP($B15,'[2]pop-2020-2023'!$I$5:$M$1126,4) -> 27596 | Q15: =VLOOKUP($B15,'[2]pop-2020-2023'!$I$5:$M$1126,5) -> 27831 | R15: =VLOOKUP($B15,'[3]Hogares total'!$D$5:$L$1126,6) -> 9431 | S15: =VLOOKUP($B15,'[3]Hogares total'!$D$5:$L$1126,7) -> 9760 | T15: =VLOOKUP($B15,'[3]Hogares total'!$D$5:$L$1126,8) -> 10086 | U15: =VLOOKUP($B15,'[3]Hogares total'!$D$5:$L$1126,9) -> 10422 | W15: =+$E15/O15 -> 0.11695393 | X15: =+$I15/P15 -> 0.1502754 | Y15: =+$M15/Q15 -> 0.11056017 | AA15: =+$E15/S15 -> 0.32745902 | AB15: =+$I15/T15 -> 0.41116399 | AC15: =+$M15/U15 -> 0.29524084 | AD15: =IF(AC15>100%,">100%","")
B16: 05044 | C16: =VLOOKUP(B16,[2]Municipal!$C$15:$D$60549,2) -> Anzá | D16: =VLOOKUP($B16,'[1]Sin Corporativo'!$Q$6:$AA$1115,2) -> 197 | E16: =VLOOKUP($B16,'[1]Sin Corporativo'!$Q$6:$AA$1115,3) -> 825 | F16: =VLOOKUP($B16,'[1]Sin Corporativo'!$Q$6:$AA$1115,4) -> 867 | G16: =VLOOKUP($B16,'[1]Sin Corporativo'!$Q$6:$AA$1115,5) -> 825 | H16: =VLOOKUP($B16,'[1]Sin Corporativo'!$Q$6:$AA$1115,6) -> 827 | I16: =VLOOKUP($B16,'[1]Sin Corporativo'!$Q$6:$AA$1115,7) -> 825 | J16: =VLOOKUP($B16,'[1]Sin Corporativo'!$Q$6:$AA$1115,8) -> 1101 | K16: =VLOOKUP($B16,'[1]Sin Corporativo'!$Q$6:$AA$1115,9) -> 1013 | L16: =VLOOKUP($B16,'[1]Sin Corporativo'!$Q$6:$AA$1115,10) -> 658 | M16: =VLOOKUP($B16,'[1]Sin Corporativo'!$Q$6:$AA$1115,11) -> 798 | N16: =VLOOKUP($B16,'[2]pop-2020-2023'!$I$5:$M$1126,2) -> 7230 | O16: =VLOOKUP($B16,'[2]pop-2020-2023'!$I$5:$M$1126,3) -> 7281 | P16: =VLOOKUP($B16,'[2]pop-2020-2023'!$I$5:$M$1126,4) -> 7341 | Q16: =VLOOKUP($B16,'[2]pop-2020-2023'!$I$5:$M$1126,5) -> 7433 | R16: =VLOOKUP($B16,'[3]Hogares total'!$D$5:$L$1126,6) -> 2363 | S16: =VLOOKUP($B16,'[3]Hogares total'!$D$5:$L$1126,7) -> 2447 | T16: =VLOOKUP($B16,'[3]Hogares total'!$D$5:$L$1126,8) -> 2528 | U16: =VLOOKUP($B16,'[3]Hogares total'!$D$5:$L$1126,9) -> 2611 | W16: =+$E16/O16 -> 0.11330861 | X16: =+$I16/P16 -> 0.11238251 | Y16: =+$M16/Q16 -> 0.10735907 | AA16: =+$E16/S16 -> 0.33714753 | AB16: =+$I16/T16 -> 0.32634494 | AC16: =+$M16/U16 -> 0.30563003 | AD16: =IF(AC16>100%,">100%","")
B17: 05045 | C17: =VLOOKUP(B17,[2]Municipal!$C$15:$D$60549,2) -> Apartadó | D17: =VLOOKUP($B17,'[1]Sin Corporativo'!$Q$6:$AA$1115,2) -> 20869 | E17: =VLOOKUP($B17,'[1]Sin Corporativo'!$Q$6:$AA$1115,3) -> 26103 | F17: =VLOOKUP($B17,'[1]Sin Corporativo'!$Q$6:$AA$1115,4) -> 26256 | G17: =VLOOKUP($B17,'[1]Sin Corporativo'!$Q$6:$AA$1115,5) -> 26482 | H17: =VLOOKUP($B17,'[1]Sin Corporativo'!$Q$6:$AA$1115,6) -> 26593 | I17: =VLOOKUP($B17,'[1]Sin Corporativo'!$Q$6:$AA$1115,7) -> 26555 | J17: =VLOOKUP($B17,'[1]Sin Corporativo'!$Q$6:$AA$1115,8) -> 27056 | K17: =VLOOKUP($B17,'[1]Sin Corporativo'!$Q$6:$AA$1115,9) -> 26845 | L17: =VLOOKUP($B17,'[1]Sin Corporativo'!$Q$6:$AA$1115,10) -> 26383 | M17: =VLOOKUP($B17,'[1]Sin Corporativo'!$Q$6:$AA$1115,11) -> 19654 | N17: =VLOOKUP($B17,'[2]pop-2020-2023'!$I$5:$M$1126,2) -> 126239 | O17: =VLOOKUP($B17,'[2]pop-2020-2023'!$I$5:$M$1126,3) -> 128054 | P17: =VLOOKUP($B17,'[2]pop-2020-2023'!$I$5:$M$1126,4) -> 129245 | Q17: =VLOOKUP($B17,'[2]pop-2020-2023'!$I$5:$M$1126,5) -> 130362 | R17: =VLOOKUP($B17,'[3]Hogares total'!$D$5:$L$1126,6) -> 40979 | S17: =VLOOKUP($B17,'[3]Hogares total'!$D$5:$L$1126,7) -> 42384 | T17: =VLOOKUP($B17,'[3]Hogares total'!$D$5:$L$1126,8) -> 43813 | U17: =VLOOKUP($B17,'[3]Hogares total'!$D$5:$L$1126,9) -> 45284 | W17: =+$E17/O17 -> 0.20384369 | X17: =+$I17/P17 -> 0.20546249 | Y17: =+$M17/Q17 -> 0.15076479 | AA17: =+$E17/S17 -> 0.6158692 | AB17: =+$I17/T17 -> 0.60609865 | AC17: =+$M17/U17 -> 0.43401643 | AD17: =IF(AC17>100%,">100%","")
... B30: 05125 | C30: =VLOOKUP(B30,[2]Municipal!$C$15:$D$60549,2) -> Caicedo | D30: =VLOOKUP($B30,'[1]Sin Corporativo'!$Q$6:$AA$1115,2) -> 292 | E30: =VLOOKUP($B30,'[1]Sin Corporativo'!$Q$6:$AA$1115,3) -> 302 | F30: =VLOOKUP($B30,'[1]Sin Corporativo'!$Q$6:$AA$1115,4) -> 312 | G30: =VLOOKUP($B30,'[1]Sin Corporativo'!$Q$6:$AA$1115,5) -> 310 | H30: =VLOOKUP($B30,'[1]Sin Corporativo'!$Q$6:$AA$1115,6) -> 321 | I30: =VLOOKUP($B30,'[1]Sin Corporativo'!$Q$6:$AA$1115,7) -> 324 | J30: =VLOOKUP($B30,'[1]Sin Corporativo'!$Q$6:$AA$1115,8) -> 328 | K30: =VLOOKUP($B30,'[1]Sin Corporativo'!$Q$6:$AA$1115,9) -> 339 | L30: =VLOOKUP($B30,'[1]Sin Corporativo'!$Q$6:$AA$1115,10) -> 588 | M30: =VLOOKUP($B30,'[1]Sin Corporativo'!$Q$6:$AA$1115,11) -> 672 | N30: =VLOOKUP($B30,'[2]pop-2020-2023'!$I$5:$M$1126,2) -> 8558 | O30: =VLOOKUP($B30,'[2]pop-2020-2023'!$I$5:$M$1126,3) -> 8640 | P30: =VLOOKUP($B30,'[2]pop-2020-2023'!$I$5:$M$1126,4) -> 8727 | Q30: =VLOOKUP($B30,'[2]pop-2020-2023'!$I$5:$M$1126,5) -> 8798 | R30: =VLOOKUP($B30,'[3]Hogares total'!$D$5:$L$1126,6) -> 2783 | S30: =VLOOKUP($B30,'[3]Hogares total'!$D$5:$L$1126,7) -> 2878 | T30: =VLOOKUP($B30,'[3]Hogares total'!$D$5:$L$1126,8) -> 2972 | U30: =VLOOKUP($B30,'[3]Hogares total'!$D$5:$L$1126,9) -> 3067 | W30: =+$E30/O30 -> 0.034953704 | X30: =+$I30/P30 -> 0.03712616 | Y30: =+$M30/Q30 -> 0.076380996 | AA30: =+$E30/S30 -> 0.10493398 | AB30: =+$I30/T30 -> 0.1090175 | AC30: =+$M30/U30 -> 0.21910662 | AD30: =IF(AC30>100%,">100%","")
B31: 05129 | C31: =VLOOKUP(B31,[2]Municipal!$C$15:$D$60549,2) -> Caldas | D31: =VLOOKUP($B31,'[1]Sin Corporativo'!$Q$6:$AA$1115,2) -> 18898 | E31: =VLOOKUP($B31,'[1]Sin Corporativo'!$Q$6:$AA$1115,3) -> 19086 | F31: =VLOOKUP($B31,'[1]Sin Corporativo'!$Q$6:$AA$1115,4) -> 19181 | G31: =VLOOKUP($B31,'[1]Sin Corporativo'!$Q$6:$AA$1115,5) -> 19606 | H31: =VLOOKUP($B31,'[1]Sin Corporativo'!$Q$6:$AA$1115,6) -> 19958 | I31: =VLOOKUP($B31,'[1]Sin Corporativo'!$Q$6:$AA$1115,7) -> 20330 | J31: =VLOOKUP($B31,'[1]Sin Corporativo'!$Q$6:$AA$1115,8) -> 20380 | K31: =VLOOKUP($B31,'[1]Sin Corporativo'!$Q$6:$AA$1115,9) -> 20472 | L31: =VLOOKUP($B31,'[1]Sin Corporativo'!$Q$6:$AA$1115,10) -> 20679 | M31: =VLOOKUP($B31,'[1]Sin Corporativo'!$Q$6:$AA$1115,11) -> 21038 | N31: =VLOOKUP($B31,'[2]pop-2020-2023'!$I$5:$M$1126,2) -> 82827 | O31: =VLOOKUP($B31,'[2]pop-2020-2023'!$I$5:$M$1126,3) -> 83850 | P31: =VLOOKUP($B31,'[2]pop-2020-2023'!$I$5:$M$1126,4) -> 84631 | Q31: =VLOOKUP($B31,'[2]pop-2020-2023'!$I$5:$M$1126,5) -> 85385 | R31: =VLOOKUP($B31,'[3]Hogares total'!$D$5:$L$1126,6) -> 26882 | S31: =VLOOKUP($B31,'[3]Hogares total'!$D$5:$L$1126,7) -> 27774 | T31: =VLOOKUP($B31,'[3]Hogares total'!$D$5:$L$1126,8) -> 28695 | U31: =VLOOKUP($B31,'[3]Hogares total'!$D$5:$L$1126,9) -> 29649 | W31: =+$E31/O31 -> 0.22762075 | X31: =+$I31/P31 -> 0.2402193 | Y31: =+$M31/Q31 -> 0.24638988 | AA31: =+$E31/S31 -> 0.68718946 | AB31: =+$I31/T31 -> 0.7084858 | AC31: =+$M31/U31 -> 0.70956862 | AD31: =+T31-K31 -> 8223
B32: 05134 | C32: =VLOOKUP(B32,[2]Municipal!$C$15:$D$60549,2) -> Campamento | D32: =VLOOKUP($B32,'[1]Sin Corporativo'!$Q$6:$AA$1115,2) -> 369 | E32: =VLOOKUP($B32,'[1]Sin Corporativo'!$Q$6:$AA$1115,3) -> 393 | F32: =VLOOKUP($B32,'[1]Sin Corporativo'!$Q$6:$AA$1115,4) -> 407 | G32: =VLOOKUP($B32,'[1]Sin Corporativo'!$Q$6:$AA$1115,5) -> 404 | H32: =VLOOKUP($B32,'[1]Sin Corporativo'!$Q$6:$AA$1115,6) -> 417 | I32: =VLOOKUP($B32,'[1]Sin Corporativo'!$Q$6:$AA$1115,7) -> 358 | J32: =VLOOKUP($B32,'[1]Sin Corporativo'!$Q$6:$AA$1115,8) -> 376 | K32: =VLOOKUP($B32,'[1]Sin Corporativo'!$Q$6:$AA$1115,9) -> 399 | L32: =VLOOKUP($B32,'[1]Sin Corporativo'!$Q$6:$AA$1115,10) -> 387 | M32: =VLOOKUP($B32,'[1]Sin Corporativo'!$Q$6:$AA$1115,11) -> 388 | N32: =VLOOKUP($B32,'[2]pop-2020-2023'!$I$5:$M$1126,2) -> 9426 | O32: =VLOOKUP($B32,'[2]pop-2020-2023'!$I$5:$M$1126,3) -> 9494 | P32: =VLOOKUP($B32,'[2]pop-2020-2023'!$I$5:$M$1126,4) -> 9587 | Q32: =VLOOKUP($B32,'[2]pop-2020-2023'!$I$5:$M$1126,5) -> 9671 | R32: =VLOOKUP($B32,'[3]Hogares total'!$D$5:$L$1126,6) -> 2727 | S32: =VLOOKUP($B32,'[3]Hogares total'!$D$5:$L$1126,7) -> 2820 | T32: =VLOOKUP($B32,'[3]Hogares total'!$D$5:$L$1126,8) -> 2913 | U32: =VLOOKUP($B32,'[3]Hogares total'!$D$5:$L$1126,9) -> 3009 | W32: =+$E32/O32 -> 0.041394565 | X32: =+$I32/P32 -> 0.037342234 | Y32: =+$M32/Q32 -> 0.040119946 | AA32: =+$E32/S32 -> 0.1393617 | AB32: =+$I32/T32 -> 0.12289736 | AC32: =+$M32/U32 -> 0.12894649 | AD32: =IF(AC32>100%,">100%","")
B33: 05138 | C33: =VLOOKUP(B33,[2]Municipal!$C$15:$D$60549,2) -> Cañasgordas | D33: =VLOOKUP($B33,'[1]Sin Corporativo'!$Q$6:$AA$1115,2) -> 626 | E33: =VLOOKUP($B33,'[1]Sin Corporativo'!$Q$6:$AA$1115,3) -> 614 | F33: =VLOOKUP($B33,'[1]Sin Corporativo'!$Q$6:$AA$1115,4) -> 825 | G33: =VLOOKUP($B33,'[1]Sin Corporativo'!$Q$6:$AA$1115,5) -> 816 | H33: =VLOOKUP($B33,'[1]Sin Corporativo'!$Q$6:$AA$1115,6) -> 841 | I33: =VLOOKUP($B33,'[1]Sin Corporativo'!$Q$6:$AA$1115,7) -> 892 | J33: =VLOOKUP($B33,'[1]Sin Corporativo'!$Q$6:$AA$1115,8) -> 951 | K33: =VLOOKUP($B33,'[1]Sin Corporativo'!$Q$6:$AA$1115,9) -> 997 | L33: =VLOOKUP($B33,'[1]Sin Corporativo'!$Q$6:$AA$1115,10) -> 1009 | M33: =VLOOKUP($B33,'[1]Sin Corporativo'!$Q$6:$AA$1115,11) -> 995 | N33: =VLOOKUP($B33,'[2]pop-2020-2023'!$I$5:$M$1126,2) -> 15889 | O33: =VLOOKUP($B33,'[2]pop-2020-2023'!$I$5:$M$1126,3) -> 15959 | P33: =VLOOKUP($B33,'[2]pop-2020-2023'!$I$5:$M$1126,4) -> 16097 | Q33: =VLOOKUP($B33,'[2]pop-2020-2023'!$I$5:$M$1126,5) -> 16256 | R33: =VLOOKUP($B33,'[3]Hogares total'!$D$5:$L$1126,6) -> 5061 | S33: =VLOOKUP($B33,'[3]Hogares total'!$D$5:$L$1126,7) -> 5231 | T33: =VLOOKUP($B33,'[3]Hogares total'!$D$5:$L$1126,8) -> 5401 | U33: =VLOOKUP($B33,'[3]Hogares total'!$D$5:$L$1126,9) -> 5571 | W33: =+$E33/O33 -> 0.038473589 | X33: =+$I33/P33 -> 0.055414052 | Y33: =+$M33/Q33 -> 0.061208169 | AA33: =+$E33/S33 -> 0.11737717 | AB33: =+$I33/T33 -> 0.1651546 | AC33: =+$M33/U33 -> 0.17860348 | AD33: =IF(AC33>100%,">100%","")
B34: 05142 | C34: =VLOOKUP(B34,[2]Municipal!$C$15:$D$60549,2) -> Caracolí | D34: =VLOOKUP($B34,'[1]Sin Corporativo'!$Q$6:$AA$1115,2) -> 404 | E34: =VLOOKUP($B34,'[1]Sin Corporativo'!$Q$6:$AA$1115,3) -> 398 | F34: =VLOOKUP($B34,'[1]Sin Corporativo'!$Q$6:$AA$1115,4) -> 414 | G34: =VLOOKUP($B34,'[1]Sin Corporativo'!$Q$6:$AA$1115,5) -> 403 | H34: =VLOOKUP($B34,'[1]Sin Corporativo'!$Q$6:$AA$1115,6) -> 392 | I34: =VLOOKUP($B34,'[1]Sin Corporativo'!$Q$6:$AA$1115,7) -> 386 | J34: =VLOOKUP($B34,'[1]Sin Corporativo'!$Q$6:$AA$1115,8) -> 383 | K34: =VLOOKUP($B34,'[1]Sin Corporativo'!$Q$6:$AA$1115,9) -> 379 | L34: =VLOOKUP($B34,'[1]Sin Corporativo'!$Q$6:$AA$1115,10) -> 366 | M34: =VLOOKUP($B34,'[1]Sin Corporativo'!$Q$6:$AA$1115,11) -> 339 | N34: =VLOOKUP($B34,'[2]pop-2020-2023'!$I$5:$M$1126,2) -> 4691 | O34: =VLOOKUP($B34,'[2]pop-2020-2023'!$I$5:$M$1126,3) -> 4715 | P34: =VLOOKUP($B34,'[2]pop-2020-2023'!$I$5:$M$1126,4) -> 4744 | Q34: =VLOOKUP($B34,'[2]pop-2020-2023'!$I$5:$M$1126,5) -> 4781 | R34: =VLOOKUP($B34,'[3]Hogares total'!$D$5:$L$1126,6) -> 1718 | S34: =VLOOKUP($B34,'[3]Hogares total'!$D$5:$L$1126,7) -> 1775 | T34: =VLOOKUP($B34,'[3]Hogares total'!$D$5:$L$1126,8) -> 1833 | U34: =VLOOKUP($B34,'[3]Hogares total'!$D$5:$L$1126,9) -> 1894 | W34: =+$E34/O34 -> 0.084411453 | X34: =+$I34/P34 -> 0.081365936 | Y34: =+$M34/Q34 -> 0.070905668 | AA34: =+$E34/S34 -> 0.22422535 | AB34: =+$I34/T34 -> 0.21058374 | AC34: =+$M34/U34 -> 0.17898627 | AD34: =IF(AC34>100%,">100%","")
B35: 05145 | C35: =VLOOKUP(B35,[2]Municipal!$C$15:$D$60549,2) -> Caramanta | D35: =VLOOKUP($B35,'[1]Sin Corporativo'!$Q$6:$AA$1115,2) -> 384 | E35: =VLOOKUP($B35,'[1]Sin Corporativo'!$Q$6:$AA$1115,3) -> 386 | F35: =VLOOKUP($B35,'[1]Sin Corporativo'!$Q$6:$AA$1115,4) -> 389 | G35: =VLOOKUP($B35,'[1]Sin Corporativo'!$Q$6:$AA$1115,5) -> 382 | H35: =VLOOKUP($B35,'[1]Sin Corporativo'!$Q$6:$AA$1115,6) -> 370 | I35: =VLOOKUP($B35,'[1]Sin Corporativo'!$Q$6:$AA$1115,7) -> 425 | J35: =VLOOKUP($B35,'[1]Sin Corporativo'!$Q$6:$AA$1115,8) -> 431 | K35: =VLOOKUP($B35,'[1]Sin Corporativo'!$Q$6:$AA$1115,9) -> 433 | L35: =VLOOKUP($B35,'[1]Sin Corporativo'!$Q$6:$AA$1115,10) -> 432 | M35: =VLOOKUP($B35,'[1]Sin Corporativo'!$Q$6:$AA$1115,11) -> 428 | N35: =VLOOKUP($B35,'[2]pop-2020-2023'!$I$5:$M$1126,2) -> 4813 | O35: =VLOOKUP($B35,'[2]pop-2020-2023'!$I$5:$M$1126,3) -> 4804 | P35: =VLOOKUP($B35,'[2]pop-2020-2023'!$I$5:$M$1126,4) -> 4869 | Q35: =VLOOKUP($B35,'[2]pop-2020-2023'!$I$5:$M$1126,5) -> 4907 | R35: =VLOOKUP($B35,'[3]Hogares total'!$D$5:$L$1126,6) -> 1658 | S35: =VLOOKUP($B35,'[3]Hogares total'!$D$5:$L$1126,7) -> 1714 | T35: =VLOOKUP($B35,'[3]Hogares total'!$D$5:$L$1126,8) -> 1769 | U35: =VLOOKUP($B35,'[3]Hogares total'!$D$5:$L$1126,9) -> 1827 | W35: =+$E35/O35 -> 0.080349709 | X35: =+$I35/P35 -> 0.087286917 | Y35: =+$M35/Q35 -> 0.087222335 | AA35: =+$E35/S35 -> 0.2252042 | AB35: =+$I35/T35 -> 0.24024873 | AC35: =+$M35/U35 -> 0.23426382 | AD35: =IF(AC35>100%,">100%","")
B36: 05147 | C36: =VLOOKUP(B36,[2]Municipal!$C$15:$D$60549,2) -> Carepa | D36: =VLOOKUP($B36,'[1]Sin Corporativo'!$Q$6:$AA$1115,2) -> 5181 | E36: =VLOOKUP($B36,'[1]Sin Corporativo'!$Q$6:$AA$1115,3) -> 6772 | F36: =VLOOKUP($B36,'[1]Sin Corporativo'!$Q$6:$AA$1115,4) -> 6839 | G36: =VLOOKUP($B36,'[1]Sin Corporativo'!$Q$6:$AA$1115,5) -> 6796 | H36: =VLOOKUP($B36,'[1]Sin Corporativo'!$Q$6:$AA$1115,6) -> 6733 | I36: =VLOOKUP($B36,'[1]Sin Corporativo'!$Q$6:$AA$1115,7) -> 6504 | J36: =VLOOKUP($B36,'[1]Sin Corporativo'!$Q$6:$AA$1115,8) -> 6552 | K36: =VLOOKUP($B36,'[1]Sin Corporativo'!$Q$6:$AA$1115,9) -> 6631 | L36: =VLOOKUP($B36,'[1]Sin Corporativo'!$Q$6:$AA$1115,10) -> 6786 | M36: =VLOOKUP($B36,'[1]Sin Corporativo'!$Q$6:$AA$1115,11) -> 5228 | N36: =VLOOKUP($B36,'[2]pop-2020-2023'!$I$5:$M$1126,2) -> 50106 | O36: =VLOOKUP($B36,'[2]pop-2020-2023'!$I$5:$M$1126,3) -> 50885 | P36: =VLOOKUP($B36,'[2]pop-2020-2023'!$I$5:$M$1126,4) -> 51328 | Q36: =VLOOKUP($B36,'[2]pop-2020-2023'!$I$5:$M$1126,5) -> 51777 | R36: =VLOOKUP($B36,'[3]Hogares total'!$D$5:$L$1126,6) -> 15804 | S36: =VLOOKUP($B36,'[3]Hogares total'!$D$5:$L$1126,7) -> 16350 | T36: =VLOOKUP($B36,'[3]Hogares total'!$D$5:$L$1126,8) -> 16901 | U36: =VLOOKUP($B36,'[3]Hogares total'!$D$5:$L$1126,9) -> 17466 | W36: =+$E36/O36 -> 0.13308441 | X36: =+$I36/P36 -> 0.12671446 | Y36: =+$M36/Q36 -> 0.10097147 | AA36: =+$E36/S36 -> 0.4141896 | AB36: =+$I36/T36 -> 0.3848293 | AC36: =+$M36/U36 -> 0.2993244 | AD36: =IF(AC36>100%,">100%","")
B37: 05148 | C37: =VLOOKUP(B37,[2]Municipal!$C$15:$D$60549,2) -> El Carmen de Viboral | D37: =VLOOKUP($B37,'[1]Sin Corporativo'!$Q$6:$AA$1115,2) -> 7984 | E37: =VLOOKUP($B37,'[1]Sin Corporativo'!$Q$6:$AA$1115,3) -> 9538 | F37: =VLOOKUP($B37,'[1]Sin Corporativo'!$Q$6:$AA$1115,4) -> 10038 | G37: =VLOOKUP($B37,'[1]Sin Corporativo'!$Q$6:$AA$1115,5) -> 10252 | H37: =VLOOKUP($B37,'[1]Sin Corporativo'!$Q$6:$AA$1115,6) -> 11241 | I37: =VLOOKUP($B37,'[1]Sin Corporativo'!$Q$6:$AA$1115,7) -> 11242 | J37: =VLOOKUP($B37,'[1]Sin Corporativo'!$Q$6:$AA$1115,8) -> 12243 | K37: =VLOOKUP($B37,'[1]Sin Corporativo'!$Q$6:$AA$1115,9) -> 14293 | L37: =VLOOKUP($B37,'[1]Sin Corporativo'!$Q$6:$AA$1115,10) -> 13271 | M37: =VLOOKUP($B37,'[1]Sin Corporativo'!$Q$6:$AA$1115,11) -> 13869 | N37: =VLOOKUP($B37,'[2]pop-2020-2023'!$I$5:$M$1126,2) -> 61820 | O37: =VLOOKUP($B37,'[2]pop-2020-2023'!$I$5:$M$1126,3) -> 62600 | P37: =VLOOKUP($B37,'[2]pop-2020-2023'!$I$5:$M$1126,4) -> 63183 | Q37: =VLOOKUP($B37,'[2]pop-2020-2023'!$I$5:$M$1126,5) -> 63761 | R37: =VLOOKUP($B37,'[3]Hogares total'!$D$5:$L$1126,6) -> 19656 | S37: =VLOOKUP($B37,'[3]Hogares total'!$D$5:$L$1126,7) -> 20304 | T37: =VLOOKUP($B37,'[3]Hogares total'!$D$5:$L$1126,8) -> 20961 | U37: =VLOOKUP($B37,'[3]Hogares total'!$D$5:$L$1126,9) -> 21638 | W37: =+$E37/O37 -> 0.15236422 | X37: =+$I37/P37 -> 0.17792761 | Y37: =+$M37/Q37 -> 0.21751541 | AA37: =+$E37/S37 -> 0.46975965 | AB37: =+$I37/T37 -> 0.53632937 | AC37: =+$M37/U37 -> 0.64095573 | AD37: =IF(AC37>100%,">100%","")
B38: 05150 | C38: =VLOOKUP(B38,[2]Municipal!$C$15:$D$60549,2) -> Carolina | D38: =VLOOKUP($B38,'[1]Sin Corporativo'!$Q$6:$AA$1115,2) -> 442 | E38: =VLOOKUP($B38,'[1]Sin Corporativo'!$Q$6:$AA$1115,3) -> 436 | F38: =VLOOKUP($B38,'[1]Sin Corporativo'!$Q$6:$AA$1115,4) -> 484 | G38: =VLOOKUP($B38,'[1]Sin Corporativo'!$Q$6:$AA$1115,5) -> 412 | H38: =VLOOKUP($B38,'[1]Sin Corporativo'!$Q$6:$AA$1115,6) -> 433 | I38: =VLOOKUP($B38,'[1]Sin Corporativo'!$Q$6:$AA$1115,7) -> 532 | J38: =VLOOKUP($B38,'[1]Sin Corporativo'!$Q$6:$AA$1115,8) -> 433 | K38: =VLOOKUP($B38,'[1]Sin Corporativo'!$Q$6:$AA$1115,9) -> 454 | L38: =VLOOKUP($B38,'[1]Sin Corporativo'!$Q$6:$AA$1115,10) -> 392 | M38: =VLOOKUP($B38,'[1]Sin Corporativo'!$Q$6:$AA$1115,11) -> 386 | N38: =VLOOKUP($B38,'[2]pop-2020-2023'!$I$5:$M$1126,2) -> 4069 | O38: =VLOOKUP($B38,'[2]pop-2020-2023'!$I$5:$M$1126,3) -> 4108 | P38: =VLOOKUP($B38,'[2]pop-2020-2023'!$I$5:$M$1126,4) -> 4154 | Q38: =VLOOKUP($B38,'[2]pop-2020-2023'!$I$5:$M$1126,5) -> 4174 | R38: =VLOOKUP($B38,'[3]Hogares total'!$D$5:$L$1126,6) -> 1546 | S38: =VLOOKUP($B38,'[3]Hogares total'!$D$5:$L$1126,7) -> 1598 | T38: =VLOOKUP($B38,'[3]Hogares total'!$D$5:$L$1126,8) -> 1651 | U38: =VLOOKUP($B38,'[3]Hogares total'!$D$5:$L$1126,9) -> 1705 | W38: =+$E38/O38 -> 0.10613437 | X38: =+$I38/P38 -> 0.12806933 | Y38: =+$M38/Q38 -> 0.09247724 | AA38: =+$E38/S38 -> 0.27284105 | AB38: =+$I38/T38 -> 0.32222895 | AC38: =+$M38/U38 -> 0.22639296 | AD38: =IF(AC38>100%,">100%","")
B39: 05154 | C39: =VLOOKUP(B39,[2]Municipal!$C$15:$D$60549,2) -> Caucasia | D39: =VLOOKUP($B39,'[1]Sin Corporativo'!$Q$6:$AA$1115,2) -> 11460 | E39: =VLOOKUP($B39,'[1]Sin Corporativo'!$Q$6:$AA$1115,3) -> 15351 | F39: =VLOOKUP($B39,'[1]Sin Corporativo'!$Q$6:$AA$1115,4) -> 15591 | G39: =VLOOKUP($B39,'[1]Sin Corporativo'!$Q$6:$AA$1115,5) -> 15769 | H39: =VLOOKUP($B39,'[1]Sin Corporativo'!$Q$6:$AA$1115,6) -> 15900 | I39: =VLOOKUP($B39,'[1]Sin Corporativo'!$Q$6:$AA$1115,7) -> 15680 | J39: =VLOOKUP($B39,'[1]Sin Corporativo'!$Q$6:$AA$1115,8) -> 16697 | K39: =VLOOKUP($B39,'[1]Sin Corporativo'!$Q$6:$AA$1115,9) -> 15564 | L39: =VLOOKUP($B39,'[1]Sin Corporativo'!$Q$6:$AA$1115,10) -> 15208 | M39: =VLOOKUP($B39,'[1]Sin Corporativo'!$Q$6:$AA$1115,11) -> 11195 | N39: =VLOOKUP($B39,'[2]pop-2020-2023'!$I$5:$M$1126,2) -> 94010 | O39: =VLOOKUP($B39,'[2]pop-2020-2023'!$I$5:$M$1126,3) -> 95274 | P39: =VLOOKUP($B39,'[2]pop-2020-2023'!$I$5:$M$1126,4) -> 96148 | Q39: =VLOOKUP($B39,'[2]pop-2020-2023'!$I$5:$M$1126,5) -> 97025 | R39: =VLOOKUP($B39,'[3]Hogares total'!$D$5:$L$1126,6) -> 28796 | S39: =VLOOKUP($B39,'[3]Hogares total'!$D$5:$L$1126,7) -> 29787 | T39: =VLOOKUP($B39,'[3]Hogares total'!$D$5:$L$1126,8) -> 30796 | U39: =VLOOKUP($B39,'[3]Hogares total'!$D$5:$L$1126,9) -> 31826 | W39: =+$E39/O39 -> 0.16112476 | X39: =+$I39/P39 -> 0.16308192 | Y39: =+$M39/Q39 -> 0.11538263 | AA39: =+$E39/S39 -> 0.51535905 | AB39: =+$I39/T39 -> 0.50915703 | AC39: =+$M39/U39 -> 0.35175643 | AD39: =IF(AC39>100%,">100%","")
B40: 05172 | C40: =VLOOKUP(B40,[2]Municipal!$C$15:$D$60549,2) -> Chigorodó | D40: =VLOOKUP($B40,'[1]Sin Corporativo'!$Q$6:$AA$1115,2) -> 7085 | E40: =VLOOKUP($B40,'[1]Sin Corporativo'!$Q$6:$AA$1115,3) -> 9355 | F40: =VLOOKUP($B40,'[1]Sin Corporativo'!$Q$6:$AA$1115,4) -> 9595 | G40: =VLOOKUP($B40,'[1]Sin Corporativo'!$Q$6:$AA$1115,5) -> 9456 | H40: =VLOOKUP($B40,'[1]Sin Corporativo'!$Q$6:$AA$1115,6) -> 9874 | I40: =VLOOKUP($B40,'[1]Sin Corporativo'!$Q$6:$AA$1115,7) -> 9526 | J40: =VLOOKUP($B40,'[1]Sin Corporativo'!$Q$6:$AA$1115,8) -> 9858 | K40: =VLOOKUP($B40,'[1]Sin Corporativo'!$Q$6:$AA$1115,9) -> 9644 | L40: =VLOOKUP($B40,'[1]Sin Corporativo'!$Q$6:$AA$1115,10) -> 9661 | M40: =VLOOKUP($B40,'[1]Sin Corporativo'!$Q$6:$AA$1115,11) -> 7764 | N40: =VLOOKUP($B40,'[2]pop-2020-2023'!$I$5:$M$1126,2) -> 59822 | O40: =VLOOKUP($B40,'[2]pop-2020-2023'!$I$5:$M$1126,3) -> 60646 | P40: =VLOOKUP($B40,'[2]pop-2020-2023'!$I$5:$M$1126,4) -> 61211 | Q40: =VLOOKUP($B40,'[2]pop-2020-2023'!$I$5:$M$1126,5) -> 61741 | R40: =VLOOKUP($B40,'[3]Hogares total'!$D$5:$L$1126,6) -> 18366 | S40: =VLOOKUP($B40,'[3]Hogares total'!$D$5:$L$1126,7) -> 18996 | T40: =VLOOKUP($B40,'[3]Hogares total'!$D$5:$L$1126,8) -> 19638 | U40: =VLOOKUP($B40,'[3]Hogares total'!$D$5:$L$1126,9) -> 20300 | W40: =+$E40/O40 -> 0.15425585 | X40: =+$I40/P40 -> 0.15562562 | Y40: =+$M40/Q40 -> 0.12575112 | AA40: =+$E40/S40 -> 0.4924721 | AB40: =+$I40/T40 -> 0.48507995 | AC40: =+$M40/U40 -> 0.38246305 | AD40: =IF(AC40>100%,">100%","")
B41: 05190 | C41: =VLOOKUP(B41,[2]Municipal!$C$15:$D$60549,2) -> Cisneros | D41: =VLOOKUP($B41,'[1]Sin Corporativo'!$Q$6:$AA$1115,2) -> 1650 | E41: =VLOOKUP($B41,'[1]Sin Corporativo'!$Q$6:$AA$1115,3) -> 2095 | F41: =VLOOKUP($B41,'[1]Sin Corporativo'!$Q$6:$AA$1115,4) -> 2072 | G41: =VLOOKUP($B41,'[1]Sin Corporativo'!$Q$6:$AA$1115,5) -> 2061 | H41: =VLOOKUP($B41,'[1]Sin Corporativo'!$Q$6:$AA$1115,6) -> 2088 | I41: =VLOOKUP($B41,'[1]Sin Corporativo'!$Q$6:$AA$1115,7) -> 2084 | J41: =VLOOKUP($B41,'[1]Sin Corporativo'!$Q$6:$AA$1115,8) -> 2108 | K41: =VLOOKUP($B41,'[1]Sin Corporativo'!$Q$6:$AA$1115,9) -> 2101 | L41: =VLOOKUP($B41,'[1]Sin Corporativo'!$Q$6:$AA$1115,10) -> 2075 | M41: =VLOOKUP($B41,'[1]Sin Corporativo'!$Q$6:$AA$1115,11) -> 1876 | N41: =VLOOKUP($B41,'[2]pop-2020-2023'!$I$5:$M$1126,2) -> 10053 | O41: =VLOOKUP($B41,'[2]pop-2020-2023'!$I$5:$M$1126,3) -> 10147 | P41: =VLOOKUP($B41,'[2]pop-2020-2023'!$I$5:$M$1126,4) -> 10253 | Q41: =VLOOKUP($B41,'[2]pop-2020-2023'!$I$5:$M$1126,5) -> 10326 | R41: =VLOOKUP($B41,'[3]Hogares total'!$D$5:$L$1126,6) -> 3599 | S41: =VLOOKUP($B41,'[3]Hogares total'!$D$5:$L$1126,7) -> 3721 | T41: =VLOOKUP($B41,'[3]Hogares total'!$D$5:$L$1126,8) -> 3848 | U41: =VLOOKUP($B41,'[3]Hogares total'!$D$5:$L$1126,9) -> 3979 | W41: =+$E41/O41 -> 0.20646497 | X41: =+$I41/P41 -> 0.20325758 | Y41: =+$M41/Q41 -> 0.18167732 | AA41: =+$E41/S41 -> 0.56302069 | AB41: =+$I41/T41 -> 0.54158004 | AC41: =+$M41/U41 -> 0.47147525 | AD41: =IF(AC41>100%,">100%","")
B42: 05197 | C42: =VLOOKUP(B42,[2]Municipal!$C$15:$D$60549,2) -> Cocorná | D42: =VLOOKUP($B42,'[1]Sin Corporativo'!$Q$6:$AA$1115,2) -> 3270 | E42: =VLOOKUP($B42,'[1]Sin Corporativo'!$Q$6:$AA$1115,3) -> 4237 | F42: =VLOOKUP($B42,'[1]Sin Corporativo'!$Q$6:$AA$1115,4) -> 4546 | G42: =VLOOKUP($B42,'[1]Sin Corporativo'!$Q$6:$AA$1115,5) -> 3919 | H42: =VLOOKUP($B42,'[1]Sin Corporativo'!$Q$6:$AA$1115,6) -> 5039 | I42: =VLOOKUP($B42,'[1]Sin Corporativo'!$Q$6:$AA$1115,7) -> 5032 | J42: =VLOOKUP($B42,'[1]Sin Corporativo'!$Q$6:$AA$1115,8) -> 5212 | K42: =VLOOKUP($B42,'[1]Sin Corporativo'!$Q$6:$AA$1115,9) -> 5409 | L42: =VLOOKUP($B42,'[1]Sin Corporativo'!$Q$6:$AA$1115,10) -> 5417 | M42: =VLOOKUP($B42,'[1]Sin Corporativo'!$Q$6:$AA$1115,11) -> 5610 | N42: =VLOOKUP($B42,'[2]pop-2020-2023'!$I$5:$M$1126,2) -> 15929 | O42: =VLOOKUP($B42,'[2]pop-2020-2023'!$I$5:$M$1126,3) -> 16062 | P42: =VLOOKUP($B42,'[2]pop-2020-2023'!$I$5:$M$1126,4) -> 16201 | Q42: =VLOOKUP($B42,'[2]pop-2020-2023'!$I$5:$M$1126,5) -> 16390 | R42: =VLOOKUP($B42,'[3]Hogares total'!$D$5:$L$1126,6) -> 5133 | S42: =VLOOKUP($B42,'[3]Hogares total'!$D$5:$L$1126,7) -> 5296 | T42: =VLOOKUP($B42,'[3]Hogares total'!$D$5:$L$1126,8) -> 5466 | U42: =VLOOKUP($B42,'[3]Hogares total'!$D$5:$L$1126,9) -> 5641 | W42: =+$E42/O42 -> 0.26379031 | X42: =+$I42/P42 -> 0.31059811 | Y42: =+$M42/Q42 -> 0.34228188 | AA42: =+$E42/S42 -> 0.80003776 | AB42: =+$I42/T42 -> 0.92060007 | AC42: =+$M42/U42 -> 0.99450452 | AD42: =IF(AC42>100%,">100%","")
B43: 05206 | C43: =VLOOKUP(B43,[2]Municipal!$C$15:$D$60549,2) -> Concepción | D43: =VLOOKUP($B43,'[1]Sin Corporativo'!$Q$6:$AA$1115,2) -> 227 | E43: =VLOOKUP($B43,'[1]Sin Corporativo'!$Q$6:$AA$1115,3) -> 239 | F43: =VLOOKUP($B43,'[1]Sin Corporativo'!$Q$6:$AA$1115,4) -> 431 | G43: =VLOOKUP($B43,'[1]Sin Corporativo'!$Q$6:$AA$1115,5) -> 401 | H43: =VLOOKUP($B43,'[1]Sin Corporativo'!$Q$6:$AA$1115,6) -> 424 | I43: =VLOOKUP($B43,'[1]Sin Corporativo'!$Q$6:$AA$1115,7) -> 445 | J43: =VLOOKUP($B43,'[1]Sin Corporativo'!$Q$6:$AA$1115,8) -> 452 | K43: =VLOOKUP($B43,'[1]Sin Corporativo'!$Q$6:$AA$1115,9) -> 422 | L43: =VLOOKUP($B43,'[1]Sin Corporativo'!$Q$6:$AA$1115,10) -> 418 | M43: =VLOOKUP($B43,'[1]Sin Corporativo'!$Q$6:$AA$1115,11) -> 434 | N43: =VLOOKUP($B43,'[2]pop-2020-2023'!$I$5:$M$1126,2) -> 4899 | O43: =VLOOKUP($B43,'[2]pop-2020-2023'!$I$5:$M$1126,3) -> 4927 | P43: =VLOOKUP($B43,'[2]pop-2020-2023'!$I$5:$M$1126,4) -> 4965 | Q43: =VLOOKUP($B43,'[2]pop-2020-2023'!$I$5:$M$1126,5) -> 5020 | R43: =VLOOKUP($B43,'[3]Hogares total'!$D$5:$L$1126,6) -> 1689 | S43: =VLOOKUP($B43,'[3]Hogares total'!$D$5:$L$1126,7) -> 1744 | T43: =VLOOKUP($B43,'[3]Hogares total'!$D$5:$L$1126,8) -> 1799 | U43: =VLOOKUP($B43,'[3]Hogares total'!$D$5:$L$1126,9) -> 1857 | W43: =+$E43/O43 -> 0.04850822 | X43: =+$I43/P43 -> 0.089627392 | Y43: =+$M43/Q43 -> 0.086454183 | AA43: =+$E43/S43 -> 0.13704128 | AB43: =+$I43/T43 -> 0.24735964 | AC43: =+$M43/U43 -> 0.23371029 | AD43: =IF(AC43>100%,">100%","")
B44: 05209 | C44: =VLOOKUP(B44,[2]Municipal!$C$15:$D$60549,2) -> Concordia | D44: =VLOOKUP($B44,'[1]Sin Corporativo'!$Q$6:$AA$1115,2) -> 942 | E44: =VLOOKUP($B44,'[1]Sin Corporativo'!$Q$6:$AA$1115,3) -> 1073 | F44: =VLOOKUP($B44,'[1]Sin Corporativo'!$Q$6:$AA$1115,4) -> 1049 | G44: =VLOOKUP($B44,'[1]Sin Corporativo'!$Q$6:$AA$1115,5) -> 1133 | H44: =VLOOKUP($B44,'[1]Sin Corporativo'!$Q$6:$AA$1115,6) -> 922 | I44: =VLOOKUP($B44,'[1]Sin Corporativo'!$Q$6:$AA$1115,7) -> 1255 | J44: =VLOOKUP($B44,'[1]Sin Corporativo'!$Q$6:$AA$1115,8) -> 1267 | K44: =VLOOKUP($B44,'[1]Sin Corporativo'!$Q$6:$AA$1115,9) -> 1271 | L44: =VLOOKUP($B44,'[1]Sin Corporativo'!$Q$6:$AA$1115,10) -> 1331 | M44: =VLOOKUP($B44,'[1]Sin Corporativo'!$Q$6:$AA$1115,11) -> 1490 | N44: =VLOOKUP($B44,'[2]pop-2020-2023'!$I$5:$M$1126,2) -> 21997 | O44: =VLOOKUP($B44,'[2]pop-2020-2023'!$I$5:$M$1126,3) -> 22137 | P44: =VLOOKUP($B44,'[2]pop-2020-2023'!$I$5:$M$1126,4) -> 22352 | Q44: =VLOOKUP($B44,'[2]pop-2020-2023'!$I$5:$M$1126,5) -> 22540 | R44: =VLOOKUP($B44,'[3]Hogares total'!$D$5:$L$1126,6) -> 7044 | S44: =VLOOKUP($B44,'[3]Hogares total'!$D$5:$L$1126,7) -> 7289 | T44: =VLOOKUP($B44,'[3]Hogares total'!$D$5:$L$1126,8) -> 7529 | U44: =VLOOKUP($B44,'[3]Hogares total'!$D$5:$L$1126,9) -> 7775 | W44: =+$E44/O44 -> 0.048470886 | X44: =+$I44/P44 -> 0.056147101 | Y44: =+$M44/Q44 -> 0.066104703 | AA44: =+$E44/S44 -> 0.14720812 | AB44: =+$I44/T44 -> 0.1666888 | AC44: =+$M44/U44 -> 0.19163987 | AD44: =IF(AC44>100%,">100%","")
B45: 05212 | C45: =VLOOKUP(B45,[2]Municipal!$C$15:$D$60549,2) -> Copacabana | D45: =VLOOKUP($B45,'[1]Sin Corporativo'!$Q$6:$AA$1115,2) -> 20065 | E45: =VLOOKUP($B45,'[1]Sin Corporativo'!$Q$6:$AA$1115,3) -> 20118 | F45: =VLOOKUP($B45,'[1]Sin Corporativo'!$Q$6:$AA$1115,4) -> 20050 | G45: =VLOOKUP($B45,'[1]Sin Corporativo'!$Q$6:$AA$1115,5) -> 20292 | H45: =VLOOKUP($B45,'[1]Sin Corporativo'!$Q$6:$AA$1115,6) -> 20795 | I45: =VLOOKUP($B45,'[1]Sin Corporativo'!$Q$6:$AA$1115,7) -> 20974 | J45: =VLOOKUP($B45,'[1]Sin Corporativo'!$Q$6:$AA$1115,8) -> 21135 | K45: =VLOOKUP($B45,'[1]Sin Corporativo'!$Q$6:$AA$1115,9) -> 21476 | L45: =VLOOKUP($B45,'[1]Sin Corporativo'!$Q$6:$AA$1115,10) -> 21711 | M45: =VLOOKUP($B45,'[1]Sin Corporativo'!$Q$6:$AA$1115,11) -> 21665 | N45: =VLOOKUP($B45,'[2]pop-2020-2023'!$I$5:$M$1126,2) -> 81005 | O45: =VLOOKUP($B45,'[2]pop-2020-2023'!$I$5:$M$1126,3) -> 82038 | P45: =VLOOKUP($B45,'[2]pop-2020-2023'!$I$5:$M$1126,4) -> 82781 | Q45: =VLOOKUP($B45,'[2]pop-2020-2023'!$I$5:$M$1126,5) -> 83559 | R45: =VLOOKUP($B45,'[3]Hogares total'!$D$5:$L$1126,6) -> 27021 | S45: =VLOOKUP($B45,'[3]Hogares total'!$D$5:$L$1126,7) -> 27929 | T45: =VLOOKUP($B45,'[3]Hogares total'!$D$5:$L$1126,8) -> 28860 | U45: =VLOOKUP($B45,'[3]Hogares total'!$D$5:$L$1126,9) -> 29819 | W45: =+$E45/O45 -> 0.24522782 | X45: =+$I45/P45 -> 0.25336732 | Y45: =+$M45/Q45 -> 0.25927788 | AA45: =+$E45/S45 -> 0.72032654 | AB45: =+$I45/T45 -> 0.72674983 | AC45: =+$M45/U45 -> 0.72655019 | AD45: =+T45-K45 -> 7384
B46: 05234 | C46: =VLOOKUP(B46,[2]Municipal!$C$15:$D$60549,2) -> Dabeiba | D46: =VLOOKUP($B46,'[1]Sin Corporativo'!$Q$6:$AA$1115,2) -> 1376 | E46: =VLOOKUP($B46,'[1]Sin Corporativo'!$Q$6:$AA$1115,3) -> 1290 | F46: =VLOOKUP($B46,'[1]Sin Corporativo'!$Q$6:$AA$1115,4) -> 1572 | G46: =VLOOKUP($B46,'[1]Sin Corporativo'!$Q$6:$AA$1115,5) -> 1533 | H46: =VLOOKUP($B46,'[1]Sin Corporativo'!$Q$6:$AA$1115,6) -> 1581 | I46: =VLOOKUP($B46,'[1]Sin Corporativo'!$Q$6:$AA$1115,7) -> 1512 | J46: =VLOOKUP($B46,'[1]Sin Corporativo'!$Q$6:$AA$1115,8) -> 1734 | K46: =VLOOKUP($B46,'[1]Sin Corporativo'!$Q$6:$AA$1115,9) -> 1564 | L46: =VLOOKUP($B46,'[1]Sin Corporativo'!$Q$6:$AA$1115,10) -> 1739 | M46: =VLOOKUP($B46,'[1]Sin Corporativo'!$Q$6:$AA$1115,11) -> 1650 | N46: =VLOOKUP($B46,'[2]pop-2020-2023'!$I$5:$M$1126,2) -> 23749 | O46: =VLOOKUP($B46,'[2]pop-2020-2023'!$I$5:$M$1126,3) -> 23950 | P46: =VLOOKUP($B46,'[2]pop-2020-2023'!$I$5:$M$1126,4) -> 24168 | Q46: =VLOOKUP($B46,'[2]pop-2020-2023'!$I$5:$M$1126,5) -> 24377 | R46: =VLOOKUP($B46,'[3]Hogares total'!$D$5:$L$1126,6) -> 6770 | S46: =VLOOKUP($B46,'[3]Hogares total'!$D$5:$L$1126,7) -> 7003 | T46: =VLOOKUP($B46,'[3]Hogares total'!$D$5:$L$1126,8) -> 7237 | U46: =VLOOKUP($B46,'[3]Hogares total'!$D$5:$L$1126,9) -> 7477 | W46: =+$E46/O46 -> 0.053862213 | X46: =+$I46/P46 -> 0.062562066 | Y46: =+$M46/Q46 -> 0.067686754 | AA46: =+$E46/S46 -> 0.18420677 | AB46: =+$I46/T46 -> 0.20892635 | AC46: =+$M46/U46 -> 0.22067674 | AD46: =IF(AC46>100%,">100%","")
B47: 05237 | C47: =VLOOKUP(B47,[2]Municipal!$C$15:$D$60549,2) -> Donmatías | D47: =VLOOKUP($B47,'[1]Sin Corporativo'!$Q$6:$AA$1115,2) -> 2732 | E47: =VLOOKUP($B47,'[1]Sin Corporativo'!$Q$6:$AA$1115,3) -> 3906 | F47: =VLOOKUP($B47,'[1]Sin Corporativo'!$Q$6:$AA$1115,4) -> 3910 | G47: =VLOOKUP($B47,'[1]Sin Corporativo'!$Q$6:$AA$1115,5) -> 3993 | H47: =VLOOKUP($B47,'[1]Sin Corporativo'!$Q$6:$AA$1115,6) -> 4019 | I47: =VLOOKUP($B47,'[1]Sin Corporativo'!$Q$6:$AA$1115,7) -> 3962 | J47: =VLOOKUP($B47,'[1]Sin Corporativo'!$Q$6:$AA$1115,8) -> 2370 | K47: =VLOOKUP($B47,'[1]Sin Corporativo'!$Q$6:$AA$1115,9) -> 2192 | L47: =VLOOKUP($B47,'[1]Sin Corporativo'!$Q$6:$AA$1115,10) -> 3824 | M47: =VLOOKUP($B47,'[1]Sin Corporativo'!$Q$6:$AA$1115,11) -> 4985 | N47: =VLOOKUP($B47,'[2]pop-2020-2023'!$I$5:$M$1126,2) -> 19610 | O47: =VLOOKUP($B47,'[2]pop-2020-2023'!$I$5:$M$1126,3) -> 19839 | P47: =VLOOKUP($B47,'[2]pop-2020-2023'!$I$5:$M$1126,4) -> 20020 | Q47: =VLOOKUP($B47,'[2]pop-2020-2023'!$I$5:$M$1126,5) -> 20198 | R47: =VLOOKUP($B47,'[3]Hogares total'!$D$5:$L$1126,6) -> 6513 | S47: =VLOOKUP($B47,'[3]Hogares total'!$D$5:$L$1126,7) -> 6730 | T47: =VLOOKUP($B47,'[3]Hogares total'!$D$5:$L$1126,8) -> 6951 | U47: =VLOOKUP($B47,'[3]Hogares total'!$D$5:$L$1126,9) -> 7178 | W47: =+$E47/O47 -> 0.19688492 | X47: =+$I47/P47 -> 0.1979021 | Y47: =+$M47/Q47 -> 0.24680661 | AA47: =+$E47/S47 -> 0.58038633 | AB47: =+$I47/T47 -> 0.56998993 | AC47: =+$M47/U47 -> 0.69448314 | AD47: =IF(AC47>100%,">100%","")
B48: 05240 | C48: =VLOOKUP(B48,[2]Municipal!$C$15:$D$60549,2) -> Ebéjico | D48: =VLOOKUP($B48,'[1]Sin Corporativo'!$Q$6:$AA$1115,2) -> 621 | E48: =VLOOKUP($B48,'[1]Sin Corporativo'!$Q$6:$AA$1115,3) -> 1793 | F48: =VLOOKUP($B48,'[1]Sin Corporativo'!$Q$6:$AA$1115,4) -> 1818 | G48: =VLOOKUP($B48,'[1]Sin Corporativo'!$Q$6:$AA$1115,5) -> 1807 | H48: =VLOOKUP($B48,'[1]Sin Corporativo'!$Q$6:$AA$1115,6) -> 1801 | I48: =VLOOKUP($B48,'[1]Sin Corporativo'!$Q$6:$AA$1115,7) -> 1769 | J48: =VLOOKUP($B48,'[1]Sin Corporativo'!$Q$6:$AA$1115,8) -> 1932 | K48: =VLOOKUP($B48,'[1]Sin Corporativo'!$Q$6:$AA$1115,9) -> 1702 | L48: =VLOOKUP($B48,'[1]Sin Corporativo'!$Q$6:$AA$1115,10) -> 2170 | M48: =VLOOKUP($B48,'[1]Sin Corporativo'!$Q$6:$AA$1115,11) -> 1698 | N48: =VLOOKUP($B48,'[2]pop-2020-2023'!$I$5:$M$1126,2) -> 12432 | O48: =VLOOKUP($B48,'[2]pop-2020-2023'!$I$5:$M$1126,3) -> 12486 | P48: =VLOOKUP($B48,'[2]pop-2020-2023'!$I$5:$M$1126,4) -> 12605 | Q48: =VLOOKUP($B48,'[2]pop-2020-2023'!$I$5:$M$1126,5) -> 12713 | R48: =VLOOKUP($B48,'[3]Hogares total'!$D$5:$L$1126,6) -> 4476 | S48: =VLOOKUP($B48,'[3]Hogares total'!$D$5:$L$1126,7) -> 4624 | T48: =VLOOKUP($B48,'[3]Hogares total'!$D$5:$L$1126,8) -> 4771 | U48: =VLOOKUP($B48,'[3]Hogares total'!$D$5:$L$1126,9) -> 4920 | W48: =+$E48/O48 -> 0.14360083 | X48: =+$I48/P48 -> 0.14034113 | Y48: =+$M48/Q48 -> 0.13356407 | AA48: =+$E48/S48 -> 0.38775952 | AB48: =+$I48/T48 -> 0.37078181 | AC48: =+$M48/U48 -> 0.34512195 | AD48: =IF(AC48>100%,">100%","")
B49: 05250 | C49: =VLOOKUP(B49,[2]Municipal!$C$15:$D$60549,2) -> El Bagre | D49: =VLOOKUP($B49,'[1]Sin Corporativo'!$Q$6:$AA$1115,2) -> 4528 | E49: =VLOOKUP($B49,'[1]Sin Corporativo'!$Q$6:$AA$1115,3) -> 4522 | F49: =VLOOKUP($B49,'[1]Sin Corporativo'!$Q$6:$AA$1115,4) -> 5742 | G49: =VLOOKUP($B49,'[1]Sin Corporativo'!$Q$6:$AA$1115,5) -> 4373 | H49: =VLOOKUP($B49,'[1]Sin Corporativo'!$Q$6:$AA$1115,6) -> 5107 | I49: =VLOOKUP($B49,'[1]Sin Corporativo'!$Q$6:$AA$1115,7) -> 5927 | J49: =VLOOKUP($B49,'[1]Sin Corporativo'!$Q$6:$AA$1115,8) -> 9955 | K49: =VLOOKUP($B49,'[1]Sin Corporativo'!$Q$6:$AA$1115,9) -> 13020 | L49: =VLOOKUP($B49,'[1]Sin Corporativo'!$Q$6:$AA$1115,10) -> 12756 | M49: =VLOOKUP($B49,'[1]Sin Corporativo'!$Q$6:$AA$1115,11) -> 12821 | N49: =VLOOKUP($B49,'[2]pop-2020-2023'!$I$5:$M$1126,2) -> 54096 | O49: =VLOOKUP($B49,'[2]pop-2020-2023'!$I$5:$M$1126,3) -> 54863 | P49: =VLOOKUP($B49,'[2]pop-2020-2023'!$I$5:$M$1126,4) -> 55363 | Q49: =VLOOKUP($B49,'[2]pop-2020-2023'!$I$5:$M$1126,5) -> 55845 | R49: =VLOOKUP($B49,'[3]Hogares total'!$D$5:$L$1126,6) -> 14884 | S49: =VLOOKUP($B49,'[3]Hogares total'!$D$5:$L$1126,7) -> 15380 | T49: =VLOOKUP($B49,'[3]Hogares total'!$D$5:$L$1126,8) -> 15885 | U49: =VLOOKUP($B49,'[3]Hogares total'!$D$5:$L$1126,9) -> 16405 | W49: =+$E49/O49 -> 0.082423491 | X49: =+$I49/P49 -> 0.10705706 | Y49: =+$M49/Q49 -> 0.22958188 | AA49: =+$E49/S49 -> 0.29401821 | AB49: =+$I49/T49 -> 0.37311929 | AC49: =+$M49/U49 -> 0.78153002 | AD49: =IF(AC49>100%,">100%","")
B50: 05264 | C50: =VLOOKUP(B50,[2]Municipal!$C$15:$D$60549,2) -> Entrerríos | D50: =VLOOKUP($B50,'[1]Sin Corporativo'!$Q$6:$AA$1115,2) -> 1603 | E50: =VLOOKUP($B50,'[1]Sin Corporativo'!$Q$6:$AA$1115,3) -> 1857 | F50: =VLOOKUP($B50,'[1]Sin Corporativo'!$Q$6:$AA$1115,4) -> 1870 | G50: =VLOOKUP($B50,'[1]Sin Corporativo'!$Q$6:$AA$1115,5) -> 1778 | H50: =VLOOKUP($B50,'[1]Sin Corporativo'!$Q$6:$AA$1115,6) -> 1737 | I50: =VLOOKUP($B50,'[1]Sin Corporativo'!$Q$6:$AA$1115,7) -> 1922 | J50: =VLOOKUP($B50,'[1]Sin Corporativo'!$Q$6:$AA$1115,8) -> 1949 | K50: =VLOOKUP($B50,'[1]Sin Corporativo'!$Q$6:$AA$1115,9) -> 576 | L50: =VLOOKUP($B50,'[1]Sin Corporativo'!$Q$6:$AA$1115,10) -> 2024 | M50: =VLOOKUP($B50,'[1]Sin Corporativo'!$Q$6:$AA$1115,11) -> 2521 | N50: =VLOOKUP($B50,'[2]pop-2020-2023'!$I$5:$M$1126,2) -> 11624 | O50: =VLOOKUP($B50,'[2]pop-2020-2023'!$I$5:$M$1126,3) -> 11767 | P50: =VLOOKUP($B50,'[2]pop-2020-2023'!$I$5:$M$1126,4) -> 11873 | Q50: =VLOOKUP($B50,'[2]pop-2020-2023'!$I$5:$M$1126,5) -> 11982 | R50: =VLOOKUP($B50,'[3]Hogares total'!$D$5:$L$1126,6) -> 3703 | S50: =VLOOKUP($B50,'[3]Hogares total'!$D$5:$L$1126,7) -> 3826 | T50: =VLOOKUP($B50,'[3]Hogares total'!$D$5:$L$1126,8) -> 3951 | U50: =VLOOKUP($B50,'[3]Hogares total'!$D$5:$L$1126,9) -> 4080 | W50: =+$E50/O50 -> 0.15781423 | X50: =+$I50/P50 -> 0.1618799 | Y50: =+$M50/Q50 -> 0.21039893 | AA50: =+$E50/S50 -> 0.4853633 | AB50: =+$I50/T50 -> 0.48645912 | AC50: =+$M50/U50 -> 0.61789216 | AD50: =IF(AC50>100%,">100%","")
B51: 05266 | C51: =VLOOKUP(B51,[2]Municipal!$C$15:$D$60549,2) -> Envigado | D51: =VLOOKUP($B51,'[1]Sin Corporativo'!$Q$6:$AA$1115,2) -> 73187 | E51: =VLOOKUP($B51,'[1]Sin Corporativo'!$Q$6:$AA$1115,3) -> 73683 | F51: =VLOOKUP($B51,'[1]Sin Corporativo'!$Q$6:$AA$1115,4) -> 74669 | G51: =VLOOKUP($B51,'[1]Sin Corporativo'!$Q$6:$AA$1115,5) -> 75748 | H51: =VLOOKUP($B51,'[1]Sin Corporativo'!$Q$6:$AA$1115,6) -> 77175 | I51: =VLOOKUP($B51,'[1]Sin Corporativo'!$Q$6:$AA$1115,7) -> 77716 | J51: =VLOOKUP($B51,'[1]Sin Corporativo'!$Q$6:$AA$1115,8) -> 77976 | K51: =VLOOKUP($B51,'[1]Sin Corporativo'!$Q$6:$AA$1115,9) -> 78524 | L51: =VLOOKUP($B51,'[1]Sin Corporativo'!$Q$6:$AA$1115,10) -> 78463 | M51: =VLOOKUP($B51,'[1]Sin Corporativo'!$Q$6:$AA$1115,11) -> 78555 | N51: =VLOOKUP($B51,'[2]pop-2020-2023'!$I$5:$M$1126,2) -> 238656 | O51: =VLOOKUP($B51,'[2]pop-2020-2023'!$I$5:$M$1126,3) -> 241984 | P51: =VLOOKUP($B51,'[2]pop-2020-2023'!$I$5:$M$1126,4) -> 244188 | Q51: =VLOOKUP($B51,'[2]pop-2020-2023'!$I$5:$M$1126,5) -> 246327 | R51: =VLOOKUP($B51,'[3]Hogares total'!$D$5:$L$1126,6) -> 85651 | S51: =VLOOKUP($B51,'[3]Hogares total'!$D$5:$L$1126,7) -> 88599 | T51: =VLOOKUP($B51,'[3]Hogares total'!$D$5:$L$1126,8) -> 91633 | U51: =VLOOKUP($B51,'[3]Hogares total'!$D$5:$L$1126,9) -> 94757 | W51: =+$E51/O51 -> 0.30449534 | X51: =+$I51/P51 -> 0.31826298 | Y51: =+$M51/Q51 -> 0.31890536 | AA51: =+$E51/S51 -> 0.83164596 | AB51: =+$I51/T51 -> 0.8481224 | AC51: =+$M51/U51 -> 0.82901527 | AD51: =+T51-K51 -> 13109
B52: 05282 | C52: =VLOOKUP(B52,[2]Municipal!$C$15:$D$60549,2) -> Fredonia | D52: =VLOOKUP($B52,'[1]Sin Corporativo'!$Q$6:$AA$1115,2) -> 1964 | E52: =VLOOKUP($B52,'[1]Sin Corporativo'!$Q$6:$AA$1115,3) -> 2209 | F52: =VLOOKUP($B52,'[1]Sin Corporativo'!$Q$6:$AA$1115,4) -> 2162 | G52: =VLOOKUP($B52,'[1]Sin Corporativo'!$Q$6:$AA$1115,5) -> 1677 | H52: =VLOOKUP($B52,'[1]Sin Corporativo'!$Q$6:$AA$1115,6) -> 1710 | I52: =VLOOKUP($B52,'[1]Sin Corporativo'!$Q$6:$AA$1115,7) -> 2184 | J52: =VLOOKUP($B52,'[1]Sin Corporativo'!$Q$6:$AA$1115,8) -> 2248 | K52: =VLOOKUP($B52,'[1]Sin Corporativo'!$Q$6:$AA$1115,9) -> 1666 | L52: =VLOOKUP($B52,'[1]Sin Corporativo'!$Q$6:$AA$1115,10) -> 1735 | M52: =VLOOKUP($B52,'[1]Sin Corporativo'!$Q$6:$AA$1115,11) -> 1637 | N52: =VLOOKUP($B52,'[2]pop-2020-2023'!$I$5:$M$1126,2) -> 25128 | O52: =VLOOKUP($B52,'[2]pop-2020-2023'!$I$5:$M$1126,3) -> 25299 | P52: =VLOOKUP($B52,'[2]pop-2020-2023'!$I$5:$M$1126,4) -> 25541 | Q52: =VLOOKUP($B52,'[2]pop-2020-2023'!$I$5:$M$1126,5) -> 25764 | R52: =VLOOKUP($B52,'[3]Hogares total'!$D$5:$L$1126,6) -> 8780 | S52: =VLOOKUP($B52,'[3]Hogares total'!$D$5:$L$1126,7) -> 9048 | T52: =VLOOKUP($B52,'[3]Hogares total'!$D$5:$L$1126,8) -> 9322 | U52: =VLOOKUP($B52,'[3]Hogares total'!$D$5:$L$1126,9) -> 9605 | W52: =+$E52/O52 -> 0.087315704 | X52: =+$I52/P52 -> 0.085509573 | Y52: =+$M52/Q52 -> 0.06353827 | AA52: =+$E52/S52 -> 0.24414235 | AB52: =+$I52/T52 -> 0.23428449 | AC52: =+$M52/U52 -> 0.17043207 | AD52: =IF(AC52>100%,">100%","")
B53: 05284 | C53: =VLOOKUP(B53,[2]Municipal!$C$15:$D$60549,2) -> Frontino | D53: =VLOOKUP($B53,'[1]Sin Corporativo'!$Q$6:$AA$1115,2) -> 1660 | E53: =VLOOKUP($B53,'[1]Sin Corporativo'!$Q$6:$AA$1115,3) -> 1742 | F53: =VLOOKUP($B53,'[1]Sin Corporativo'!$Q$6:$AA$1115,4) -> 1770 | G53: =VLOOKUP($B53,'[1]Sin Corporativo'!$Q$6:$AA$1115,5) -> 1765 | H53: =VLOOKUP($B53,'[1]Sin Corporativo'!$Q$6:$AA$1115,6) -> 1772 | I53: =VLOOKUP($B53,'[1]Sin Corporativo'!$Q$6:$AA$1115,7) -> 1761 | J53: =VLOOKUP($B53,'[1]Sin Corporativo'!$Q$6:$AA$1115,8) -> 1779 | K53: =VLOOKUP($B53,'[1]Sin Corporativo'!$Q$6:$AA$1115,9) -> 1815 | L53: =VLOOKUP($B53,'[1]Sin Corporativo'!$Q$6:$AA$1115,10) -> 1512 | M53: =VLOOKUP($B53,'[1]Sin Corporativo'!$Q$6:$AA$1115,11) -> 1214 | N53: =VLOOKUP($B53,'[2]pop-2020-2023'!$I$5:$M$1126,2) -> 21243 | O53: =VLOOKUP($B53,'[2]pop-2020-2023'!$I$5:$M$1126,3) -> 21345 | P53: =VLOOKUP($B53,'[2]pop-2020-2023'!$I$5:$M$1126,4) -> 21525 | Q53: =VLOOKUP($B53,'[2]pop-2020-2023'!$I$5:$M$1126,5) -> 21737 | R53: =VLOOKUP($B53,'[3]Hogares total'!$D$5:$L$1126,6) -> 6165 | S53: =VLOOKUP($B53,'[3]Hogares total'!$D$5:$L$1126,7) -> 6384 | T53: =VLOOKUP($B53,'[3]Hogares total'!$D$5:$L$1126,8) -> 6602 | U53: =VLOOKUP($B53,'[3]Hogares total'!$D$5:$L$1126,9) -> 6826 | W53: =+$E53/O53 -> 0.081611619 | X53: =+$I53/P53 -> 0.081811847 | Y53: =+$M53/Q53 -> 0.055849473 | AA53: =+$E53/S53 -> 0.27286967 | AB53: =+$I53/T53 -> 0.26673735 | AC53: =+$M53/U53 -> 0.1778494 | AD53: =IF(AC53>100%,">100%","")
B54: 05306 | C54: =VLOOKUP(B54,[2]Municipal!$C$15:$D$60549,2) -> Giraldo | D54: =VLOOKUP($B54,'[1]Sin Corporativo'!$Q$6:$AA$1115,2) -> 178 | E54: =VLOOKUP($B54,'[1]Sin Corporativo'!$Q$6:$AA$1115,3) -> 187 | F54: =VLOOKUP($B54,'[1]Sin Corporativo'!$Q$6:$AA$1115,4) -> 189 | G54: =VLOOKUP($B54,'[1]Sin Corporativo'!$Q$6:$AA$1115,5) -> 174 | H54: =VLOOKUP($B54,'[1]Sin Corporativo'!$Q$6:$AA$1115,6) -> 166 | I54: =VLOOKUP($B54,'[1]Sin Corporativo'!$Q$6:$AA$1115,7) -> 161 | J54: =VLOOKUP($B54,'[1]Sin Corporativo'!$Q$6:$AA$1115,8) -> 156 | K54: =VLOOKUP($B54,'[1]Sin Corporativo'!$Q$6:$AA$1115,9) -> 564 | L54: =VLOOKUP($B54,'[1]Sin Corporativo'!$Q$6:$AA$1115,10) -> 489 | M54: =VLOOKUP($B54,'[1]Sin Corporativo'!$Q$6:$AA$1115,11) -> 430 | N54: =VLOOKUP($B54,'[2]pop-2020-2023'!$I$5:$M$1126,2) -> 5725 | O54: =VLOOKUP($B54,'[2]pop-2020-2023'!$I$5:$M$1126,3) -> 5796 | P54: =VLOOKUP($B54,'[2]pop-2020-2023'!$I$5:$M$1126,4) -> 5857 | Q54: =VLOOKUP($B54,'[2]pop-2020-2023'!$I$5:$M$1126,5) -> 5899 | R54: =VLOOKUP($B54,'[3]Hogares total'!$D$5:$L$1126,6) -> 1917 | S54: =VLOOKUP($B54,'[3]Hogares total'!$D$5:$L$1126,7) -> 1980 | T54: =VLOOKUP($B54,'[3]Hogares total'!$D$5:$L$1126,8) -> 2044 | U54: =VLOOKUP($B54,'[3]Hogares total'!$D$5:$L$1126,9) -> 2108 | W54: =+$E54/O54 -> 0.03226363 | X54: =+$I54/P54 -> 0.027488475 | Y54: =+$M54/Q54 -> 0.072893711 | AA54: =+$E54/S54 -> 0.094444444 | AB54: =+$I54/T54 -> 0.078767123 | AC54: =+$M54/U54 -> 0.20398482 | AD54: =IF(AC54>100%,">100%","")
B55: 05308 | C55: =VLOOKUP(B55,[2]Municipal!$C$15:$D$60549,2) -> Girardota | D55: =VLOOKUP($B55,'[1]Sin Corporativo'!$Q$6:$AA$1115,2) -> 8917 | E55: =VLOOKUP($B55,'[1]Sin Corporativo'!$Q$6:$AA$1115,3) -> 8997 | F55: =VLOOKUP($B55,'[1]Sin Corporativo'!$Q$6:$AA$1115,4) -> 9033 | G55: =VLOOKUP($B55,'[1]Sin Corporativo'!$Q$6:$AA$1115,5) -> 9159 | H55: =VLOOKUP($B55,'[1]Sin Corporativo'!$Q$6:$AA$1115,6) -> 9538 | I55: =VLOOKUP($B55,'[1]Sin Corporativo'!$Q$6:$AA$1115,7) -> 9724 | J55: =VLOOKUP($B55,'[1]Sin Corporativo'!$Q$6:$AA$1115,8) -> 9826 | K55: =VLOOKUP($B55,'[1]Sin Corporativo'!$Q$6:$AA$1115,9) -> 10046 | L55: =VLOOKUP($B55,'[1]Sin Corporativo'!$Q$6:$AA$1115,10) -> 10161 | M55: =VLOOKUP($B55,'[1]Sin Corporativo'!$Q$6:$AA$1115,11) -> 10255 | N55: =VLOOKUP($B55,'[2]pop-2020-2023'!$I$5:$M$1126,2) -> 53781 | O55: =VLOOKUP($B55,'[2]pop-2020-2023'!$I$5:$M$1126,3) -> 54489 | P55: =VLOOKUP($B55,'[2]pop-2020-2023'!$I$5:$M$1126,4) -> 54986 | Q55: =VLOOKUP($B55,'[2]pop-2020-2023'!$I$5:$M$1126,5) -> 55483 | R55: =VLOOKUP($B55,'[3]Hogares total'!$D$5:$L$1126,6) -> 17031 | S55: =VLOOKUP($B55,'[3]Hogares total'!$D$5:$L$1126,7) -> 17575 | T55: =VLOOKUP($B55,'[3]Hogares total'!$D$5:$L$1126,8) -> 18131 | U55: =VLOOKUP($B55,'[3]Hogares total'!$D$5:$L$1126,9) -> 18710 | W55: =+$E55/O55 -> 0.16511589 | X55: =+$I55/P55 -> 0.17684502 | Y55: =+$M55/Q55 -> 0.18483139 | AA55: =+$E55/S55 -> 0.51192034 | AB55: =+$I55/T55 -> 0.53631901 | AC55: =+$M55/U55 -> 0.54810262 | AD55: =IF(AC55>100%,">100%","")
B56: 05310 | C56: =VLOOKUP(B56,[2]Municipal!$C$15:$D$60549,2) -> Gómez Plata | D56: =VLOOKUP($B56,'[1]Sin Corporativo'!$Q$6:$AA$1115,2) -> 698 | E56: =VLOOKUP($B56,'[1]Sin Corporativo'!$Q$6:$AA$1115,3) -> 815 | F56: =VLOOKUP($B56,'[1]Sin Corporativo'!$Q$6:$AA$1115,4) -> 809 | G56: =VLOOKUP($B56,'[1]Sin Corporativo'!$Q$6:$AA$1115,5) -> 796 | H56: =VLOOKUP($B56,'[1]Sin Corporativo'!$Q$6:$AA$1115,6) -> 865 | I56: =VLOOKUP($B56,'[1]Sin Corporativo'!$Q$6:$AA$1115,7) -> 863 | J56: =VLOOKUP($B56,'[1]Sin Corporativo'!$Q$6:$AA$1115,8) -> 822 | K56: =VLOOKUP($B56,'[1]Sin Corporativo'!$Q$6:$AA$1115,9) -> 799 | L56: =VLOOKUP($B56,'[1]Sin Corporativo'!$Q$6:$AA$1115,10) -> 784 | M56: =VLOOKUP($B56,'[1]Sin Corporativo'!$Q$6:$AA$1115,11) -> 622 | N56: =VLOOKUP($B56,'[2]pop-2020-2023'!$I$5:$M$1126,2) -> 10048 | O56: =VLOOKUP($B56,'[2]pop-2020-2023'!$I$5:$M$1126,3) -> 10117 | P56: =VLOOKUP($B56,'[2]pop-2020-2023'!$I$5:$M$1126,4) -> 10225 | Q56: =VLOOKUP($B56,'[2]pop-2020-2023'!$I$5:$M$1126,5) -> 10300 | R56: =VLOOKUP($B56,'[3]Hogares total'!$D$5:$L$1126,6) -> 3607 | S56: =VLOOKUP($B56,'[3]Hogares total'!$D$5:$L$1126,7) -> 3730 | T56: =VLOOKUP($B56,'[3]Hogares total'!$D$5:$L$1126,8) -> 3848 | U56: =VLOOKUP($B56,'[3]Hogares total'!$D$5:$L$1126,9) -> 3972 | W56: =+$E56/O56 -> 0.080557478 | X56: =+$I56/P56 -> 0.084400978 | Y56: =+$M56/Q56 -> 0.06038835 | AA56: =+$E56/S56 -> 0.21849866 | AB56: =+$I56/T56 -> 0.22427235 | AC56: =+$M56/U56 -> 0.15659617 | AD56: =IF(AC56>100%,">100%","")
B57: 05313 | C57: =VLOOKUP(B57,[2]Municipal!$C$15:$D$60549,2) -> Granada | D57: =VLOOKUP($B57,'[1]Sin Corporativo'!$Q$6:$AA$1115,2) -> 752 | E57: =VLOOKUP($B57,'[1]Sin Corporativo'!$Q$6:$AA$1115,3) -> 1227 | F57: =VLOOKUP($B57,'[1]Sin Corporativo'!$Q$6:$AA$1115,4) -> 3175 | G57: =VLOOKUP($B57,'[1]Sin Corporativo'!$Q$6:$AA$1115,5) -> 3156 | H57: =VLOOKUP($B57,'[1]Sin Corporativo'!$Q$6:$AA$1115,6) -> 3536 | I57: =VLOOKUP($B57,'[1]Sin Corporativo'!$Q$6:$AA$1115,7) -> 3282 | J57: =VLOOKUP($B57,'[1]Sin Corporativo'!$Q$6:$AA$1115,8) -> 3377 | K57: =VLOOKUP($B57,'[1]Sin Corporativo'!$Q$6:$AA$1115,9) -> 3415 | L57: =VLOOKUP($B57,'[1]Sin Corporativo'!$Q$6:$AA$1115,10) -> 4003 | M57: =VLOOKUP($B57,'[1]Sin Corporativo'!$Q$6:$AA$1115,11) -> 3490 | N57: =VLOOKUP($B57,'[2]pop-2020-2023'!$I$5:$M$1126,2) -> 10414 | O57: =VLOOKUP($B57,'[2]pop-2020-2023'!$I$5:$M$1126,3) -> 10497 | P57: =VLOOKUP($B57,'[2]pop-2020-2023'!$I$5:$M$1126,4) -> 10587 | Q57: =VLOOKUP($B57,'[2]pop-2020-2023'!$I$5:$M$1126,5) -> 10700 | R57: =VLOOKUP($B57,'[3]Hogares total'!$D$5:$L$1126,6) -> 3398 | S57: =VLOOKUP($B57,'[3]Hogares total'!$D$5:$L$1126,7) -> 3502 | T57: =VLOOKUP($B57,'[3]Hogares total'!$D$5:$L$1126,8) -> 3611 | U57: =VLOOKUP($B57,'[3]Hogares total'!$D$5:$L$1126,9) -> 3725 | W57: =+$E57/O57 -> 0.11689054 | X57: =+$I57/P57 -> 0.31000283 | Y57: =+$M57/Q57 -> 0.32616822 | AA57: =+$E57/S57 -> 0.35037122 | AB57: =+$I57/T57 -> 0.9088895 | AC57: =+$M57/U57 -> 0.93691275 | AD57: =IF(AC57>100%,">100%","")
B58: 05315 | C58: =VLOOKUP(B58,[2]Municipal!$C$15:$D$60549,2) -> Guadalupe | D58: =VLOOKUP($B58,'[1]Sin Corporativo'!$Q$6:$AA$1115,2) -> 417 | E58: =VLOOKUP($B58,'[1]Sin Corporativo'!$Q$6:$AA$1115,3) -> 418 | F58: =VLOOKUP($B58,'[1]Sin Corporativo'!$Q$6:$AA$1115,4) -> 428 | G58: =VLOOKUP($B58,'[1]Sin Corporativo'!$Q$6:$AA$1115,5) -> 402 | H58: =VLOOKUP($B58,'[1]Sin Corporativo'!$Q$6:$AA$1115,6) -> 409 | I58: =VLOOKUP($B58,'[1]Sin Corporativo'!$Q$6:$AA$1115,7) -> 396 | J58: =VLOOKUP($B58,'[1]Sin Corporativo'!$Q$6:$AA$1115,8) -> 394 | K58: =VLOOKUP($B58,'[1]Sin Corporativo'!$Q$6:$AA$1115,9) -> 378 | L58: =VLOOKUP($B58,'[1]Sin Corporativo'!$Q$6:$AA$1115,10) -> 363 | M58: =VLOOKUP($B58,'[1]Sin Corporativo'!$Q$6:$AA$1115,11) -> 375 | N58: =VLOOKUP($B58,'[2]pop-2020-2023'!$I$5:$M$1126,2) -> 6750 | O58: =VLOOKUP($B58,'[2]pop-2020-2023'!$I$5:$M$1126,3) -> 6797 | P58: =VLOOKUP($B58,'[2]pop-2020-2023'!$I$5:$M$1126,4) -> 6860 | Q58: =VLOOKUP($B58,'[2]pop-2020-2023'!$I$5:$M$1126,5) -> 6926 | R58: =VLOOKUP($B58,'[3]Hogares total'!$D$5:$L$1126,6) -> 2206 | S58: =VLOOKUP($B58,'[3]Hogares total'!$D$5:$L$1126,7) -> 2276 | T58: =VLOOKUP($B58,'[3]Hogares total'!$D$5:$L$1126,8) -> 2348 | U58: =VLOOKUP($B58,'[3]Hogares total'!$D$5:$L$1126,9) -> 2422 | W58: =+$E58/O58 -> 0.06149772 | X58: =+$I58/P58 -> 0.057725948 | Y58: =+$M58/Q58 -> 0.054143806 | AA58: =+$E58/S58 -> 0.18365554 | AB58: =+$I58/T58 -> 0.16865417 | AC58: =+$M58/U58 -> 0.15483072 | AD58: =IF(AC58>100%,">100%","")
B59: 05318 | C59: =VLOOKUP(B59,[2]Municipal!$C$15:$D$60549,2) -> Guarne | D59: =VLOOKUP($B59,'[1]Sin Corporativo'!$Q$6:$AA$1115,2) -> 9649 | E59: =VLOOKUP($B59,'[1]Sin Corporativo'!$Q$6:$AA$1115,3) -> 9927 | F59: =VLOOKUP($B59,'[1]Sin Corporativo'!$Q$6:$AA$1115,4) -> 9885 | G59: =VLOOKUP($B59,'[1]Sin Corporativo'!$Q$6:$AA$1115,5) -> 9967 | H59: =VLOOKUP($B59,'[1]Sin Corporativo'!$Q$6:$AA$1115,6) -> 11741 | I59: =VLOOKUP($B59,'[1]Sin Corporativo'!$Q$6:$AA$1115,7) -> 11758 | J59: =VLOOKUP($B59,'[1]Sin Corporativo'!$Q$6:$AA$1115,8) -> 16699 | K59: =VLOOKUP($B59,'[1]Sin Corporativo'!$Q$6:$AA$1115,9) -> 20747 | L59: =VLOOKUP($B59,'[1]Sin Corporativo'!$Q$6:$AA$1115,10) -> 12712 | M59: =VLOOKUP($B59,'[1]Sin Corporativo'!$Q$6:$AA$1115,11) -> 12603 | N59: =VLOOKUP($B59,'[2]pop-2020-2023'!$I$5:$M$1126,2) -> 57407 | O59: =VLOOKUP($B59,'[2]pop-2020-2023'!$I$5:$M$1126,3) -> 58183 | P59: =VLOOKUP($B59,'[2]pop-2020-2023'!$I$5:$M$1126,4) -> 58715 | Q59: =VLOOKUP($B59,'[2]pop-2020-2023'!$I$5:$M$1126,5) -> 59226 | R59: =VLOOKUP($B59,'[3]Hogares total'!$D$5:$L$1126,6) -> 17936 | S59: =VLOOKUP($B59,'[3]Hogares total'!$D$5:$L$1126,7) -> 18487 | T59: =VLOOKUP($B59,'[3]Hogares total'!$D$5:$L$1126,8) -> 19048 | U59: =VLOOKUP($B59,'[3]Hogares total'!$D$5:$L$1126,9) -> 19636 | W59: =+$E59/O59 -> 0.17061685 | X59: =+$I59/P59 -> 0.20025547 | Y59: =+$M59/Q59 -> 0.21279506 | AA59: =+$E59/S59 -> 0.53697193 | AB59: =+$I59/T59 -> 0.61728265 | AC59: =+$M59/U59 -> 0.64183133 | AD59: =IF(AC59>100%,">100%","")
B60: 05321 | C60: =VLOOKUP(B60,[2]Municipal!$C$15:$D$60549,2) -> Guatapé | D60: =VLOOKUP($B60,'[1]Sin Corporativo'!$Q$6:$AA$1115,2) -> 1596 | E60: =VLOOKUP($B60,'[1]Sin Corporativo'!$Q$6:$AA$1115,3) -> 1638 | F60: =VLOOKUP($B60,'[1]Sin Corporativo'!$Q$6:$AA$1115,4) -> 1654 | G60: =VLOOKUP($B60,'[1]Sin Corporativo'!$Q$6:$AA$1115,5) -> 1435 | H60: =VLOOKUP($B60,'[1]Sin Corporativo'!$Q$6:$AA$1115,6) -> 1367 | I60: =VLOOKUP($B60,'[1]Sin Corporativo'!$Q$6:$AA$1115,7) -> 1957 | J60: =VLOOKUP($B60,'[1]Sin Corporativo'!$Q$6:$AA$1115,8) -> 1874 | K60: =VLOOKUP($B60,'[1]Sin Corporativo'!$Q$6:$AA$1115,9) -> 2014 | L60: =VLOOKUP($B60,'[1]Sin Corporativo'!$Q$6:$AA$1115,10) -> 1988 | M60: =VLOOKUP($B60,'[1]Sin Corporativo'!$Q$6:$AA$1115,11) -> 2192 | N60: =VLOOKUP($B60,'[2]pop-2020-2023'!$I$5:$M$1126,2) -> 8681 | O60: =VLOOKUP($B60,'[2]pop-2020-2023'!$I$5:$M$1126,3) -> 8791 | P60: =VLOOKUP($B60,'[2]pop-2020-2023'!$I$5:$M$1126,4) -> 8862 | Q60: =VLOOKUP($B60,'[2]pop-2020-2023'!$I$5:$M$1126,5) -> 8945 | R60: =VLOOKUP($B60,'[3]Hogares total'!$D$5:$L$1126,6) -> 3078 | S60: =VLOOKUP($B60,'[3]Hogares total'!$D$5:$L$1126,7) -> 3176 | T60: =VLOOKUP($B60,'[3]Hogares total'!$D$5:$L$1126,8) -> 3278 | U60: =VLOOKUP($B60,'[3]Hogares total'!$D$5:$L$1126,9) -> 3384 | W60: =+$E60/O60 -> 0.18632693 | X60: =+$I60/P60 -> 0.22083051 | Y60: =+$M60/Q60 -> 0.2450531 | AA60: =+$E60/S60 -> 0.51574307 | AB60: =+$I60/T60 -> 0.59701037 | AC60: =+$M60/U60 -> 0.64775414 | AD60: =IF(AC60>100%,">100%","")
B61: 05347 | C61: =VLOOKUP(B61,[2]Municipal!$C$15:$D$60549,2) -> Heliconia | D61: =VLOOKUP($B61,'[1]Sin Corporativo'!$Q$6:$AA$1115,2) -> 260 | E61: =VLOOKUP($B61,'[1]Sin Corporativo'!$Q$6:$AA$1115,3) -> 865 | F61: =VLOOKUP($B61,'[1]Sin Corporativo'!$Q$6:$AA$1115,4) -> 828 | G61: =VLOOKUP($B61,'[1]Sin Corporativo'!$Q$6:$AA$1115,5) -> 1047 | H61: =VLOOKUP($B61,'[1]Sin Corporativo'!$Q$6:$AA$1115,6) -> 1042 | I61: =VLOOKUP($B61,'[1]Sin Corporativo'!$Q$6:$AA$1115,7) -> 1035 | J61: =VLOOKUP($B61,'[1]Sin Corporativo'!$Q$6:$AA$1115,8) -> 848 | K61: =VLOOKUP($B61,'[1]Sin Corporativo'!$Q$6:$AA$1115,9) -> 844 | L61: =VLOOKUP($B61,'[1]Sin Corporativo'!$Q$6:$AA$1115,10) -> 731 | M61: =VLOOKUP($B61,'[1]Sin Corporativo'!$Q$6:$AA$1115,11) -> 987 | N61: =VLOOKUP($B61,'[2]pop-2020-2023'!$I$5:$M$1126,2) -> 5564 | O61: =VLOOKUP($B61,'[2]pop-2020-2023'!$I$5:$M$1126,3) -> 5575 | P61: =VLOOKUP($B61,'[2]pop-2020-2023'!$I$5:$M$1126,4) -> 5636 | Q61: =VLOOKUP($B61,'[2]pop-2020-2023'!$I$5:$M$1126,5) -> 5682 | R61: =VLOOKUP($B61,'[3]Hogares total'!$D$5:$L$1126,6) -> 1889 | S61: =VLOOKUP($B61,'[3]Hogares total'!$D$5:$L$1126,7) -> 1952 | T61: =VLOOKUP($B61,'[3]Hogares total'!$D$5:$L$1126,8) -> 2014 | U61: =VLOOKUP($B61,'[3]Hogares total'!$D$5:$L$1126,9) -> 2078 | W61: =+$E61/O61 -> 0.15515695 | X61: =+$I61/P61 -> 0.18364088 | Y61: =+$M61/Q61 -> 0.17370644 | AA61: =+$E61/S61 -> 0.44313525 | AB61: =+$I61/T61 -> 0.51390268 | AC61: =+$M61/U61 -> 0.47497594 | AD61: =IF(AC61>100%,">100%","")
B62: 05353 | C62: =VLOOKUP(B62,[2]Municipal!$C$15:$D$60549,2) -> Hispania | D62: =VLOOKUP($B62,'[1]Sin Corporativo'!$Q$6:$AA$1115,2) -> 584 | E62: =VLOOKUP($B62,'[1]Sin Corporativo'!$Q$6:$AA$1115,3) -> 568 | F62: =VLOOKUP($B62,'[1]Sin Corporativo'!$Q$6:$AA$1115,4) -> 500 | G62: =VLOOKUP($B62,'[1]Sin Corporativo'!$Q$6:$AA$1115,5) -> 484 | H62: =VLOOKUP($B62,'[1]Sin Corporativo'!$Q$6:$AA$1115,6) -> 544 | I62: =VLOOKUP($B62,'[1]Sin Corporativo'!$Q$6:$AA$1115,7) -> 484 | J62: =VLOOKUP($B62,'[1]Sin Corporativo'!$Q$6:$AA$1115,8) -> 552 | K62: =VLOOKUP($B62,'[1]Sin Corporativo'!$Q$6:$AA$1115,9) -> 515 | L62: =VLOOKUP($B62,'[1]Sin Corporativo'!$Q$6:$AA$1115,10) -> 499 | M62: =VLOOKUP($B62,'[1]Sin Corporativo'!$Q$6:$AA$1115,11) -> 455 | N62: =VLOOKUP($B62,'[2]pop-2020-2023'!$I$5:$M$1126,2) -> 5640 | O62: =VLOOKUP($B62,'[2]pop-2020-2023'!$I$5:$M$1126,3) -> 5693 | P62: =VLOOKUP($B62,'[2]pop-2020-2023'!$I$5:$M$1126,4) -> 5742 | Q62: =VLOOKUP($B62,'[2]pop-2020-2023'!$I$5:$M$1126,5) -> 5790 | R62: =VLOOKUP($B62,'[3]Hogares total'!$D$5:$L$1126,6) -> 1934 | S62: =VLOOKUP($B62,'[3]Hogares total'!$D$5:$L$1126,7) -> 2002 | T62: =VLOOKUP($B62,'[3]Hogares total'!$D$5:$L$1126,8) -> 2069 | U62: =VLOOKUP($B62,'[3]Hogares total'!$D$5:$L$1126,9) -> 2136 | W62: =+$E62/O62 -> 0.099771649 | X62: =+$I62/P62 -> 0.084291188 | Y62: =+$M62/Q62 -> 0.078583765 | AA62: =+$E62/S62 -> 0.28371628 | AB62: =+$I62/T62 -> 0.23392943 | AC62: =+$M62/U62 -> 0.21301498 | AD62: =IF(AC62>100%,">100%","")
B63: 05360 | C63: =VLOOKUP(B63,[2]Municipal!$C$15:$D$60549,2) -> Itagüí | D63: =VLOOKUP($B63,'[1]Sin Corporativo'!$Q$6:$AA$1115,2) -> 72477 | E63: =VLOOKUP($B63,'[1]Sin Corporativo'!$Q$6:$AA$1115,3) -> 74267 | F63: =VLOOKUP($B63,'[1]Sin Corporativo'!$Q$6:$AA$1115,4) -> 75122 | G63: =VLOOKUP($B63,'[1]Sin Corporativo'!$Q$6:$AA$1115,5) -> 75411 | H63: =VLOOKUP($B63,'[1]Sin Corporativo'!$Q$6:$AA$1115,6) -> 77093 | I63: =VLOOKUP($B63,'[1]Sin Corporativo'!$Q$6:$AA$1115,7) -> 78121 | J63: =VLOOKUP($B63,'[1]Sin Corporativo'!$Q$6:$AA$1115,8) -> 78856 | K63: =VLOOKUP($B63,'[1]Sin Corporativo'!$Q$6:$AA$1115,9) -> 79661 | L63: =VLOOKUP($B63,'[1]Sin Corporativo'!$Q$6:$AA$1115,10) -> 79244 | M63: =VLOOKUP($B63,'[1]Sin Corporativo'!$Q$6:$AA$1115,11) -> 79786 | N63: =VLOOKUP($B63,'[2]pop-2020-2023'!$I$5:$M$1126,2) -> 287981 | O63: =VLOOKUP($B63,'[2]pop-2020-2023'!$I$5:$M$1126,3) -> 291662 | P63: =VLOOKUP($B63,'[2]pop-2020-2023'!$I$5:$M$1126,4) -> 294328 | Q63: =VLOOKUP($B63,'[2]pop-2020-2023'!$I$5:$M$1126,5) -> 296953 | R63: =VLOOKUP($B63,'[3]Hogares total'!$D$5:$L$1126,6) -> 94544 | S63: =VLOOKUP($B63,'[3]Hogares total'!$D$5:$L$1126,7) -> 97732 | T63: =VLOOKUP($B63,'[3]Hogares total'!$D$5:$L$1126,8) -> 101032 | U63: =VLOOKUP($B63,'[3]Hogares total'!$D$5:$L$1126,9) -> 104449 | W63: =+$E63/O63 -> 0.25463379 | X63: =+$I63/P63 -> 0.26542157 | Y63: =+$M63/Q63 -> 0.26868225 | AA63: =+$E63/S63 -> 0.75990464 | AB63: =+$I63/T63 -> 0.77323026 | AC63: =+$M63/U63 -> 0.76387519 | AD63: =+T63-K63 -> 21371
B64: 05361 | C64: =VLOOKUP(B64,[2]Municipal!$C$15:$D$60549,2) -> Ituango | D64: =VLOOKUP($B64,'[1]Sin Corporativo'!$Q$6:$AA$1115,2) -> 930 | E64: =VLOOKUP($B64,'[1]Sin Corporativo'!$Q$6:$AA$1115,3) -> 1070 | F64: =VLOOKUP($B64,'[1]Sin Corporativo'!$Q$6:$AA$1115,4) -> 1101 | G64: =VLOOKUP($B64,'[1]Sin Corporativo'!$Q$6:$AA$1115,5) -> 1078 | H64: =VLOOKUP($B64,'[1]Sin Corporativo'!$Q$6:$AA$1115,6) -> 1136 | I64: =VLOOKUP($B64,'[1]Sin Corporativo'!$Q$6:$AA$1115,7) -> 1054 | J64: =VLOOKUP($B64,'[1]Sin Corporativo'!$Q$6:$AA$1115,8) -> 1051 | K64: =VLOOKUP($B64,'[1]Sin Corporativo'!$Q$6:$AA$1115,9) -> 996 | L64: =VLOOKUP($B64,'[1]Sin Corporativo'!$Q$6:$AA$1115,10) -> 976 | M64: =VLOOKUP($B64,'[1]Sin Corporativo'!$Q$6:$AA$1115,11) -> 843 | N64: =VLOOKUP($B64,'[2]pop-2020-2023'!$I$5:$M$1126,2) -> 27908 | O64: =VLOOKUP($B64,'[2]pop-2020-2023'!$I$5:$M$1126,3) -> 28142 | P64: =VLOOKUP($B64,'[2]pop-2020-2023'!$I$5:$M$1126,4) -> 28393 | Q64: =VLOOKUP($B64,'[2]pop-2020-2023'!$I$5:$M$1126,5) -> 28634 | R64: =VLOOKUP($B64,'[3]Hogares total'!$D$5:$L$1126,6) -> 6481 | S64: =VLOOKUP($B64,'[3]Hogares total'!$D$5:$L$1126,7) -> 6735 | T64: =VLOOKUP($B64,'[3]Hogares total'!$D$5:$L$1126,8) -> 6982 | U64: =VLOOKUP($B64,'[3]Hogares total'!$D$5:$L$1126,9) -> 7232 | W64: =+$E64/O64 -> 0.038021463 | X64: =+$I64/P64 -> 0.037121826 | Y64: =+$M64/Q64 -> 0.029440525 | AA64: =+$E64/S64 -> 0.15887157 | AB64: =+$I64/T64 -> 0.15095961 | AC64: =+$M64/U64 -> 0.11656527 | AD64: =IF(AC64>100%,">100%","")
B65: 05364 | C65: =VLOOKUP(B65,[2]Municipal!$C$15:$D$60549,2) -> Jardín | D65: =VLOOKUP($B65,'[1]Sin Corporativo'!$Q$6:$AA$1115,2) -> 1146 | E65: =VLOOKUP($B65,'[1]Sin Corporativo'!$Q$6:$AA$1115,3) -> 1155 | F65: =VLOOKUP($B65,'[1]Sin Corporativo'!$Q$6:$AA$1115,4) -> 1178 | G65: =VLOOKUP($B65,'[1]Sin Corporativo'!$Q$6:$AA$1115,5) -> 1810 | H65: =VLOOKUP($B65,'[1]Sin Corporativo'!$Q$6:$AA$1115,6) -> 1785 | I65: =VLOOKUP($B65,'[1]Sin Corporativo'!$Q$6:$AA$1115,7) -> 1943 | J65: =VLOOKUP($B65,'[1]Sin Corporativo'!$Q$6:$AA$1115,8) -> 2264 | K65: =VLOOKUP($B65,'[1]Sin Corporativo'!$Q$6:$AA$1115,9) -> 1875 | L65: =VLOOKUP($B65,'[1]Sin Corporativo'!$Q$6:$AA$1115,10) -> 1756 | M65: =VLOOKUP($B65,'[1]Sin Corporativo'!$Q$6:$AA$1115,11) -> 2007 | N65: =VLOOKUP($B65,'[2]pop-2020-2023'!$I$5:$M$1126,2) -> 14987 | O65: =VLOOKUP($B65,'[2]pop-2020-2023'!$I$5:$M$1126,3) -> 15115 | P65: =VLOOKUP($B65,'[2]pop-2020-2023'!$I$5:$M$1126,4) -> 15257 | Q65: =VLOOKUP($B65,'[2]pop-2020-2023'!$I$5:$M$1126,5) -> 15400 | R65: =VLOOKUP($B65,'[3]Hogares total'!$D$5:$L$1126,6) -> 4919 | S65: =VLOOKUP($B65,'[3]Hogares total'!$D$5:$L$1126,7) -> 5088 | T65: =VLOOKUP($B65,'[3]Hogares total'!$D$5:$L$1126,8) -> 5259 | U65: =VLOOKUP($B65,'[3]Hogares total'!$D$5:$L$1126,9) -> 5432 | W65: =+$E65/O65 -> 0.076414158 | X65: =+$I65/P65 -> 0.12735138 | Y65: =+$M65/Q65 -> 0.13032468 | AA65: =+$E65/S65 -> 0.22700472 | AB65: =+$I65/T65 -> 0.36946187 | AC65: =+$M65/U65 -> 0.36947717 | AD65: =IF(AC65>100%,">100%","")
B66: 05368 | C66: =VLOOKUP(B66,[2]Municipal!$C$15:$D$60549,2) -> Jericó | D66: =VLOOKUP($B66,'[1]Sin Corporativo'!$Q$6:$AA$1115,2) -> 1878 | E66: =VLOOKUP($B66,'[1]Sin Corporativo'!$Q$6:$AA$1115,3) -> 1533 | F66: =VLOOKUP($B66,'[1]Sin Corporativo'!$Q$6:$AA$1115,4) -> 2235 | G66: =VLOOKUP($B66,'[1]Sin Corporativo'!$Q$6:$AA$1115,5) -> 1688 | H66: =VLOOKUP($B66,'[1]Sin Corporativo'!$Q$6:$AA$1115,6) -> 1732 | I66: =VLOOKUP($B66,'[1]Sin Corporativo'!$Q$6:$AA$1115,7) -> 1739 | J66: =VLOOKUP($B66,'[1]Sin Corporativo'!$Q$6:$AA$1115,8) -> 3102 | K66: =VLOOKUP($B66,'[1]Sin Corporativo'!$Q$6:$AA$1115,9) -> 3660 | L66: =VLOOKUP($B66,'[1]Sin Corporativo'!$Q$6:$AA$1115,10) -> 972 | M66: =VLOOKUP($B66,'[1]Sin Corporativo'!$Q$6:$AA$1115,11) -> 1970 | N66: =VLOOKUP($B66,'[2]pop-2020-2023'!$I$5:$M$1126,2) -> 14005 | O66: =VLOOKUP($B66,'[2]pop-2020-2023'!$I$5:$M$1126,3) -> 14106 | P66: =VLOOKUP($B66,'[2]pop-2020-2023'!$I$5:$M$1126,4) -> 14211 | Q66: =VLOOKUP($B66,'[2]pop-2020-2023'!$I$5:$M$1126,5) -> 14344 | R66: =VLOOKUP($B66,'[3]Hogares total'!$D$5:$L$1126,6) -> 4674 | S66: =VLOOKUP($B66,'[3]Hogares total'!$D$5:$L$1126,7) -> 4832 | T66: =VLOOKUP($B66,'[3]Hogares total'!$D$5:$L$1126,8) -> 4992 | U66: =VLOOKUP($B66,'[3]Hogares total'!$D$5:$L$1126,9) -> 5155 | W66: =+$E66/O66 -> 0.10867716 | X66: =+$I66/P66 -> 0.12237 | Y66: =+$M66/Q66 -> 0.13733965 | AA66: =+$E66/S66 -> 0.31725993 | AB66: =+$I66/T66 -> 0.34835737 | AC66: =+$M66/U66 -> 0.38215325 | AD66: =IF(AC66>100%,">100%","")
B67: 05376 | C67: =VLOOKUP(B67,[2]Municipal!$C$15:$D$60549,2) -> La Ceja | D67: =VLOOKUP($B67,'[1]Sin Corporativo'!$Q$6:$AA$1115,2) -> 14783 | E67: =VLOOKUP($B67,'[1]Sin Corporativo'!$Q$6:$AA$1115,3) -> 15391 | F67: =VLOOKUP($B67,'[1]Sin Corporativo'!$Q$6:$AA$1115,4) -> 15067 | G67: =VLOOKUP($B67,'[1]Sin Corporativo'!$Q$6:$AA$1115,5) -> 15142 | H67: =VLOOKUP($B67,'[1]Sin Corporativo'!$Q$6:$AA$1115,6) -> 15054 | I67: =VLOOKUP($B67,'[1]Sin Corporativo'!$Q$6:$AA$1115,7) -> 14074 | J67: =VLOOKUP($B67,'[1]Sin Corporativo'!$Q$6:$AA$1115,8) -> 20628 | K67: =VLOOKUP($B67,'[1]Sin Corporativo'!$Q$6:$AA$1115,9) -> 19557 | L67: =VLOOKUP($B67,'[1]Sin Corporativo'!$Q$6:$AA$1115,10) -> 19898 | M67: =VLOOKUP($B67,'[1]Sin Corporativo'!$Q$6:$AA$1115,11) -> 21297 | N67: =VLOOKUP($B67,'[2]pop-2020-2023'!$I$5:$M$1126,2) -> 67628 | O67: =VLOOKUP($B67,'[2]pop-2020-2023'!$I$5:$M$1126,3) -> 68554 | P67: =VLOOKUP($B67,'[2]pop-2020-2023'!$I$5:$M$1126,4) -> 69202 | Q67: =VLOOKUP($B67,'[2]pop-2020-2023'!$I$5:$M$1126,5) -> 69831 | R67: =VLOOKUP($B67,'[3]Hogares total'!$D$5:$L$1126,6) -> 20989 | S67: =VLOOKUP($B67,'[3]Hogares total'!$D$5:$L$1126,7) -> 21697 | T67: =VLOOKUP($B67,'[3]Hogares total'!$D$5:$L$1126,8) -> 22426 | U67: =VLOOKUP($B67,'[3]Hogares total'!$D$5:$L$1126,9) -> 23181 | W67: =+$E67/O67 -> 0.22450915 | X67: =+$I67/P67 -> 0.20337562 | Y67: =+$M67/Q67 -> 0.30497916 | AA67: =+$E67/S67 -> 0.70936074 | AB67: =+$I67/T67 -> 0.62757514 | AC67: =+$M67/U67 -> 0.91872654 | AD67: =IF(AC67>100%,">100%","")
B68: 05380 | C68: =VLOOKUP(B68,[2]Municipal!$C$15:$D$60549,2) -> La Estrella | D68: =VLOOKUP($B68,'[1]Sin Corporativo'!$Q$6:$AA$1115,2) -> 19870 | E68: =VLOOKUP($B68,'[1]Sin Corporativo'!$Q$6:$AA$1115,3) -> 20265 | F68: =VLOOKUP($B68,'[1]Sin Corporativo'!$Q$6:$AA$1115,4) -> 20577 | G68: =VLOOKUP($B68,'[1]Sin Corporativo'!$Q$6:$AA$1115,5) -> 20928 | H68: =VLOOKUP($B68,'[1]Sin Corporativo'!$Q$6:$AA$1115,6) -> 21330 | I68: =VLOOKUP($B68,'[1]Sin Corporativo'!$Q$6:$AA$1115,7) -> 21907 | J68: =VLOOKUP($B68,'[1]Sin Corporativo'!$Q$6:$AA$1115,8) -> 21857 | K68: =VLOOKUP($B68,'[1]Sin Corporativo'!$Q$6:$AA$1115,9) -> 22058 | L68: =VLOOKUP($B68,'[1]Sin Corporativo'!$Q$6:$AA$1115,10) -> 22084 | M68: =VLOOKUP($B68,'[1]Sin Corporativo'!$Q$6:$AA$1115,11) -> 22206 | N68: =VLOOKUP($B68,'[2]pop-2020-2023'!$I$5:$M$1126,2) -> 74589 | O68: =VLOOKUP($B68,'[2]pop-2020-2023'!$I$5:$M$1126,3) -> 75609 | P68: =VLOOKUP($B68,'[2]pop-2020-2023'!$I$5:$M$1126,4) -> 76291 | Q68: =VLOOKUP($B68,'[2]pop-2020-2023'!$I$5:$M$1126,5) -> 76971 | R68: =VLOOKUP($B68,'[3]Hogares total'!$D$5:$L$1126,6) -> 24565 | S68: =VLOOKUP($B68,'[3]Hogares total'!$D$5:$L$1126,7) -> 25378 | T68: =VLOOKUP($B68,'[3]Hogares total'!$D$5:$L$1126,8) -> 26217 | U68: =VLOOKUP($B68,'[3]Hogares total'!$D$5:$L$1126,9) -> 27089 | W68: =+$E68/O68 -> 0.26802365 | X68: =+$I68/P68 -> 0.28715052 | Y68: =+$M68/Q68 -> 0.28849827 | AA68: =+$E68/S68 -> 0.79852628 | AB68: =+$I68/T68 -> 0.83560285 | AC68: =+$M68/U68 -> 0.81974233 | AD68: =+T68-K68 -> 4159
B69: 05390 | C69: =VLOOKUP(B69,[2]Municipal!$C$15:$D$60549,2) -> La Pintada | D69: =VLOOKUP($B69,'[1]Sin Corporativo'!$Q$6:$AA$1115,2) -> 855 | E69: =VLOOKUP($B69,'[1]Sin Corporativo'!$Q$6:$AA$1115,3) -> 969 | F69: =VLOOKUP($B69,'[1]Sin Corporativo'!$Q$6:$AA$1115,4) -> 975 | G69: =VLOOKUP($B69,'[1]Sin Corporativo'!$Q$6:$AA$1115,5) -> 945 | H69: =VLOOKUP($B69,'[1]Sin Corporativo'!$Q$6:$AA$1115,6) -> 934 | I69: =VLOOKUP($B69,'[1]Sin Corporativo'!$Q$6:$AA$1115,7) -> 933 | J69: =VLOOKUP($B69,'[1]Sin Corporativo'!$Q$6:$AA$1115,8) -> 941 | K69: =VLOOKUP($B69,'[1]Sin Corporativo'!$Q$6:$AA$1115,9) -> 931 | L69: =VLOOKUP($B69,'[1]Sin Corporativo'!$Q$6:$AA$1115,10) -> 1623 | M69: =VLOOKUP($B69,'[1]Sin Corporativo'!$Q$6:$AA$1115,11) -> 1470 | N69: =VLOOKUP($B69,'[2]pop-2020-2023'!$I$5:$M$1126,2) -> 8321 | O69: =VLOOKUP($B69,'[2]pop-2020-2023'!$I$5:$M$1126,3) -> 8373 | P69: =VLOOKUP($B69,'[2]pop-2020-2023'!$I$5:$M$1126,4) -> 8459 | Q69: =VLOOKUP($B69,'[2]pop-2020-2023'!$I$5:$M$1126,5) -> 8571 | R69: =VLOOKUP($B69,'[3]Hogares total'!$D$5:$L$1126,6) -> 2831 | S69: =VLOOKUP($B69,'[3]Hogares total'!$D$5:$L$1126,7) -> 2926 | T69: =VLOOKUP($B69,'[3]Hogares total'!$D$5:$L$1126,8) -> 3025 | U69: =VLOOKUP($B69,'[3]Hogares total'!$D$5:$L$1126,9) -> 3127 | W69: =+$E69/O69 -> 0.11572913 | X69: =+$I69/P69 -> 0.11029673 | Y69: =+$M69/Q69 -> 0.17150858 | AA69: =+$E69/S69 -> 0.33116883 | AB69: =+$I69/T69 -> 0.30842975 | AC69: =+$M69/U69 -> 0.47009914 | AD69: =IF(AC69>100%,">100%","")
B70: 05400 | C70: =VLOOKUP(B70,[2]Municipal!$C$15:$D$60549,2) -> La Unión | D70: =VLOOKUP($B70,'[1]Sin Corporativo'!$Q$6:$AA$1115,2) -> 1772 | E70: =VLOOKUP($B70,'[1]Sin Corporativo'!$Q$6:$AA$1115,3) -> 1967 | F70: =VLOOKUP($B70,'[1]Sin Corporativo'!$Q$6:$AA$1115,4) -> 1854 | G70: =VLOOKUP($B70,'[1]Sin Corporativo'!$Q$6:$AA$1115,5) -> 1657 | H70: =VLOOKUP($B70,'[1]Sin Corporativo'!$Q$6:$AA$1115,6) -> 1474 | I70: =VLOOKUP($B70,'[1]Sin Corporativo'!$Q$6:$AA$1115,7) -> 1396 | J70: =VLOOKUP($B70,'[1]Sin Corporativo'!$Q$6:$AA$1115,8) -> 1394 | K70: =VLOOKUP($B70,'[1]Sin Corporativo'!$Q$6:$AA$1115,9) -> 1378 | L70: =VLOOKUP($B70,'[1]Sin Corporativo'!$Q$6:$AA$1115,10) -> 1331 | M70: =VLOOKUP($B70,'[1]Sin Corporativo'!$Q$6:$AA$1115,11) -> 1248 | N70: =VLOOKUP($B70,'[2]pop-2020-2023'!$I$5:$M$1126,2) -> 22234 | O70: =VLOOKUP($B70,'[2]pop-2020-2023'!$I$5:$M$1126,3) -> 22474 | P70: =VLOOKUP($B70,'[2]pop-2020-2023'!$I$5:$M$1126,4) -> 22692 | Q70: =VLOOKUP($B70,'[2]pop-2020-2023'!$I$5:$M$1126,5) -> 22870 | R70: =VLOOKUP($B70,'[3]Hogares total'!$D$5:$L$1126,6) -> 6705 | S70: =VLOOKUP($B70,'[3]Hogares total'!$D$5:$L$1126,7) -> 6925 | T70: =VLOOKUP($B70,'[3]Hogares total'!$D$5:$L$1126,8) -> 7150 | U70: =VLOOKUP($B70,'[3]Hogares total'!$D$5:$L$1126,9) -> 7383 | W70: =+$E70/O70 -> 0.08752336 | X70: =+$I70/P70 -> 0.061519478 | Y70: =+$M70/Q70 -> 0.054569305 | AA70: =+$E70/S70 -> 0.28404332 | AB70: =+$I70/T70 -> 0.19524476 | AC70: =+$M70/U70 -> 0.16903698 | AD70: =IF(AC70>100%,">100%","")
B71: 05411 | C71: =VLOOKUP(B71,[2]Municipal!$C$15:$D$60549,2) -> Liborina | D71: =VLOOKUP($B71,'[1]Sin Corporativo'!$Q$6:$AA$1115,2) -> 389 | E71: =VLOOKUP($B71,'[1]Sin Corporativo'!$Q$6:$AA$1115,3) -> 397 | F71: =VLOOKUP($B71,'[1]Sin Corporativo'!$Q$6:$AA$1115,4) -> 412 | G71: =VLOOKUP($B71,'[1]Sin Corporativo'!$Q$6:$AA$1115,5) -> 403 | H71: =VLOOKUP($B71,'[1]Sin Corporativo'!$Q$6:$AA$1115,6) -> 404 | I71: =VLOOKUP($B71,'[1]Sin Corporativo'!$Q$6:$AA$1115,7) -> 400 | J71: =VLOOKUP($B71,'[1]Sin Corporativo'!$Q$6:$AA$1115,8) -> 405 | K71: =VLOOKUP($B71,'[1]Sin Corporativo'!$Q$6:$AA$1115,9) -> 406 | L71: =VLOOKUP($B71,'[1]Sin Corporativo'!$Q$6:$AA$1115,10) -> 397 | M71: =VLOOKUP($B71,'[1]Sin Corporativo'!$Q$6:$AA$1115,11) -> 374 | N71: =VLOOKUP($B71,'[2]pop-2020-2023'!$I$5:$M$1126,2) -> 10313 | O71: =VLOOKUP($B71,'[2]pop-2020-2023'!$I$5:$M$1126,3) -> 10361 | P71: =VLOOKUP($B71,'[2]pop-2020-2023'!$I$5:$M$1126,4) -> 10466 | Q71: =VLOOKUP($B71,'[2]pop-2020-2023'!$I$5:$M$1126,5) -> 10556 | R71: =VLOOKUP($B71,'[3]Hogares total'!$D$5:$L$1126,6) -> 3259 | S71: =VLOOKUP($B71,'[3]Hogares total'!$D$5:$L$1126,7) -> 3366 | T71: =VLOOKUP($B71,'[3]Hogares total'!$D$5:$L$1126,8) -> 3473 | U71: =VLOOKUP($B71,'[3]Hogares total'!$D$5:$L$1126,9) -> 3582 | W71: =+$E71/O71 -> 0.038316765 | X71: =+$I71/P71 -> 0.038218995 | Y71: =+$M71/Q71 -> 0.035430087 | AA71: =+$E71/S71 -> 0.11794415 | AB71: =+$I71/T71 -> 0.1151742 | AC71: =+$M71/U71 -> 0.10441094 | AD71: =IF(AC71>100%,">100%","")
B72: 05425 | C72: =VLOOKUP(B72,[2]Municipal!$C$15:$D$60549,2) -> Maceo | D72: =VLOOKUP($B72,'[1]Sin Corporativo'!$Q$6:$AA$1115,2) -> 415 | E72: =VLOOKUP($B72,'[1]Sin Corporativo'!$Q$6:$AA$1115,3) -> 365 | F72: =VLOOKUP($B72,'[1]Sin Corporativo'!$Q$6:$AA$1115,4) -> 344 | G72: =VLOOKUP($B72,'[1]Sin Corporativo'!$Q$6:$AA$1115,5) -> 518 | H72: =VLOOKUP($B72,'[1]Sin Corporativo'!$Q$6:$AA$1115,6) -> 363 | I72: =VLOOKUP($B72,'[1]Sin Corporativo'!$Q$6:$AA$1115,7) -> 293 | J72: =VLOOKUP($B72,'[1]Sin Corporativo'!$Q$6:$AA$1115,8) -> 290 | K72: =VLOOKUP($B72,'[1]Sin Corporativo'!$Q$6:$AA$1115,9) -> 332 | L72: =VLOOKUP($B72,'[1]Sin Corporativo'!$Q$6:$AA$1115,10) -> 287 | M72: =VLOOKUP($B72,'[1]Sin Corporativo'!$Q$6:$AA$1115,11) -> 295 | N72: =VLOOKUP($B72,'[2]pop-2020-2023'!$I$5:$M$1126,2) -> 8431 | O72: =VLOOKUP($B72,'[2]pop-2020-2023'!$I$5:$M$1126,3) -> 8495 | P72: =VLOOKUP($B72,'[2]pop-2020-2023'!$I$5:$M$1126,4) -> 8559 | Q72: =VLOOKUP($B72,'[2]pop-2020-2023'!$I$5:$M$1126,5) -> 8646 | R72: =VLOOKUP($B72,'[3]Hogares total'!$D$5:$L$1126,6) -> 2883 | S72: =VLOOKUP($B72,'[3]Hogares total'!$D$5:$L$1126,7) -> 2972 | T72: =VLOOKUP($B72,'[3]Hogares total'!$D$5:$L$1126,8) -> 3062 | U72: =VLOOKUP($B72,'[3]Hogares total'!$D$5:$L$1126,9) -> 3156 | W72: =+$E72/O72 -> 0.042966451 | X72: =+$I72/P72 -> 0.034232971 | Y72: =+$M72/Q72 -> 0.034119824 | AA72: =+$E72/S72 -> 0.12281292 | AB72: =+$I72/T72 -> 0.095689092 | AC72: =+$M72/U72 -> 0.09347275 | AD72: =IF(AC72>100%,">100%","")
B73: 05440 | C73: =VLOOKUP(B73,[2]Municipal!$C$15:$D$60549,2) -> Marinilla | D73: =VLOOKUP($B73,'[1]Sin Corporativo'!$Q$6:$AA$1115,2) -> 20463 | E73: =VLOOKUP($B73,'[1]Sin Corporativo'!$Q$6:$AA$1115,3) -> 23107 | F73: =VLOOKUP($B73,'[1]Sin Corporativo'!$Q$6:$AA$1115,4) -> 24135 | G73: =VLOOKUP($B73,'[1]Sin Corporativo'!$Q$6:$AA$1115,5) -> 25116 | H73: =VLOOKUP($B73,'[1]Sin Corporativo'!$Q$6:$AA$1115,6) -> 31801 | I73: =VLOOKUP($B73,'[1]Sin Corporativo'!$Q$6:$AA$1115,7) -> 32355 | J73: =VLOOKUP($B73,'[1]Sin Corporativo'!$Q$6:$AA$1115,8) -> 29999 | K73: =VLOOKUP($B73,'[1]Sin Corporativo'!$Q$6:$AA$1115,9) -> 31148 | L73: =VLOOKUP($B73,'[1]Sin Corporativo'!$Q$6:$AA$1115,10) -> 39764 | M73: =VLOOKUP($B73,'[1]Sin Corporativo'!$Q$6:$AA$1115,11) -> 34156 | N73: =VLOOKUP($B73,'[2]pop-2020-2023'!$I$5:$M$1126,2) -> 67241 | O73: =VLOOKUP($B73,'[2]pop-2020-2023'!$I$5:$M$1126,3) -> 68112 | P73: =VLOOKUP($B73,'[2]pop-2020-2023'!$I$5:$M$1126,4) -> 68738 | Q73: =VLOOKUP($B73,'[2]pop-2020-2023'!$I$5:$M$1126,5) -> 69343 | R73: =VLOOKUP($B73,'[3]Hogares total'!$D$5:$L$1126,6) -> 22842 | S73: =VLOOKUP($B73,'[3]Hogares total'!$D$5:$L$1126,7) -> 23603 | T73: =VLOOKUP($B73,'[3]Hogares total'!$D$5:$L$1126,8) -> 24376 | U73: =VLOOKUP($B73,'[3]Hogares total'!$D$5:$L$1126,9) -> 25169 | W73: =+$E73/O73 -> 0.33925006 | X73: =+$I73/P73 -> 0.47070034 | Y73: =+$M73/Q73 -> 0.49256594 | AA73: =+$E73/S73 -> 0.97898572 | AB73: =+$I73/T73 -> 1.3273302 | AC73: =+$M73/U73 -> 1.3570662 | AD73: =IF(AC73>100%,">100%","") -> >100%
B74: 05467 | C74: =VLOOKUP(B74,[2]Municipal!$C$15:$D$60549,2) -> Montebello | D74: =VLOOKUP($B74,'[1]Sin Corporativo'!$Q$6:$AA$1115,2) -> 332 | E74: =VLOOKUP($B74,'[1]Sin Corporativo'!$Q$6:$AA$1115,3) -> 352 | F74: =VLOOKUP($B74,'[1]Sin Corporativo'!$Q$6:$AA$1115,4) -> 415 | G74: =VLOOKUP($B74,'[1]Sin Corporativo'!$Q$6:$AA$1115,5) -> 423 | H74: =VLOOKUP($B74,'[1]Sin Corporativo'!$Q$6:$AA$1115,6) -> 465 | I74: =VLOOKUP($B74,'[1]Sin Corporativo'!$Q$6:$AA$1115,7) -> 473 | J74: =VLOOKUP($B74,'[1]Sin Corporativo'!$Q$6:$AA$1115,8) -> 694 | K74: =VLOOKUP($B74,'[1]Sin Corporativo'!$Q$6:$AA$1115,9) -> 446 | L74: =VLOOKUP($B74,'[1]Sin Corporativo'!$Q$6:$AA$1115,10) -> 427 | M74: =VLOOKUP($B74,'[1]Sin Corporativo'!$Q$6:$AA$1115,11) -> 521 | N74: =VLOOKUP($B74,'[2]pop-2020-2023'!$I$5:$M$1126,2) -> 6830 | O74: =VLOOKUP($B74,'[2]pop-2020-2023'!$I$5:$M$1126,3) -> 6840 | P74: =VLOOKUP($B74,'[2]pop-2020-2023'!$I$5:$M$1126,4) -> 6906 | Q74: =VLOOKUP($B74,'[2]pop-2020-2023'!$I$5:$M$1126,5) -> 6973 | R74: =VLOOKUP($B74,'[3]Hogares total'!$D$5:$L$1126,6) -> 2322 | S74: =VLOOKUP($B74,'[3]Hogares total'!$D$5:$L$1126,7) -> 2403 | T74: =VLOOKUP($B74,'[3]Hogares total'!$D$5:$L$1126,8) -> 2481 | U74: =VLOOKUP($B74,'[3]Hogares total'!$D$5:$L$1126,9) -> 2560 | W74: =+$E74/O74 -> 0.051461988 | X74: =+$I74/P74 -> 0.068491167 | Y74: =+$M74/Q74 -> 0.074716765 | AA74: =+$E74/S74 -> 0.14648356 | AB74: =+$I74/T74 -> 0.19064893 | AC74: =+$M74/U74 -> 0.20351563 | AD74: =IF(AC74>100%,">100%","")
B75: 05475 | C75: =VLOOKUP(B75,[2]Municipal!$C$15:$D$60549,2) -> Murindó | D75: =VLOOKUP($B75,'[1]Sin Corporativo'!$Q$6:$AA$1115,2) -> 68 | E75: =VLOOKUP($B75,'[1]Sin Corporativo'!$Q$6:$AA$1115,3) -> 75 | F75: =VLOOKUP($B75,'[1]Sin Corporativo'!$Q$6:$AA$1115,4) -> 93 | G75: =VLOOKUP($B75,'[1]Sin Corporativo'!$Q$6:$AA$1115,5) -> 90 | H75: =VLOOKUP($B75,'[1]Sin Corporativo'!$Q$6:$AA$1115,6) -> 101 | I75: =VLOOKUP($B75,'[1]Sin Corporativo'!$Q$6:$AA$1115,7) -> 101 | J75: =VLOOKUP($B75,'[1]Sin Corporativo'!$Q$6:$AA$1115,8) -> 94 | K75: =VLOOKUP($B75,'[1]Sin Corporativo'!$Q$6:$AA$1115,9) -> 88 | L75: =VLOOKUP($B75,'[1]Sin Corporativo'!$Q$6:$AA$1115,10) -> 75 | M75: =VLOOKUP($B75,'[1]Sin Corporativo'!$Q$6:$AA$1115,11) -> 72 | N75: =VLOOKUP($B75,'[2]pop-2020-2023'!$I$5:$M$1126,2) -> 5119 | O75: =VLOOKUP($B75,'[2]pop-2020-2023'!$I$5:$M$1126,3) -> 5183 | P75: =VLOOKUP($B75,'[2]pop-2020-2023'!$I$5:$M$1126,4) -> 5235 | Q75: =VLOOKUP($B75,'[2]pop-2020-2023'!$I$5:$M$1126,5) -> 5263 | R75: =VLOOKUP($B75,'[3]Hogares total'!$D$5:$L$1126,6) -> 1295 | S75: =VLOOKUP($B75,'[3]Hogares total'!$D$5:$L$1126,7) -> 1339 | T75: =VLOOKUP($B75,'[3]Hogares total'!$D$5:$L$1126,8) -> 1383 | U75: =VLOOKUP($B75,'[3]Hogares total'!$D$5:$L$1126,9) -> 1428 | W75: =+$E75/O75 -> 0.014470384 | X75: =+$I75/P75 -> 0.019293219 | Y75: =+$M75/Q75 -> 0.01368041 | AA75: =+$E75/S75 -> 0.056011949 | AB75: =+$I75/T75 -> 0.073029646 | AC75: =+$M75/U75 -> 0.050420168 | AD75: =IF(AC75>100%,">100%","")
B76: 05480 | C76: =VLOOKUP(B76,[2]Municipal!$C$15:$D$60549,2) -> Mutatá | D76: =VLOOKUP($B76,'[1]Sin Corporativo'!$Q$6:$AA$1115,2) -> 1078 | E76: =VLOOKUP($B76,'[1]Sin Corporativo'!$Q$6:$AA$1115,3) -> 1086 | F76: =VLOOKUP($B76,'[1]Sin Corporativo'!$Q$6:$AA$1115,4) -> 1098 | G76: =VLOOKUP($B76,'[1]Sin Corporativo'!$Q$6:$AA$1115,5) -> 1047 | H76: =VLOOKUP($B76,'[1]Sin Corporativo'!$Q$6:$AA$1115,6) -> 1074 | I76: =VLOOKUP($B76,'[1]Sin Corporativo'!$Q$6:$AA$1115,7) -> 1098 | J76: =VLOOKUP($B76,'[1]Sin Corporativo'!$Q$6:$AA$1115,8) -> 1083 | K76: =VLOOKUP($B76,'[1]Sin Corporativo'!$Q$6:$AA$1115,9) -> 1050 | L76: =VLOOKUP($B76,'[1]Sin Corporativo'!$Q$6:$AA$1115,10) -> 948 | M76: =VLOOKUP($B76,'[1]Sin Corporativo'!$Q$6:$AA$1115,11) -> 859 | N76: =VLOOKUP($B76,'[2]pop-2020-2023'!$I$5:$M$1126,2) -> 14479 | O76: =VLOOKUP($B76,'[2]pop-2020-2023'!$I$5:$M$1126,3) -> 14639 | P76: =VLOOKUP($B76,'[2]pop-2020-2023'!$I$5:$M$1126,4) -> 14775 | Q76: =VLOOKUP($B76,'[2]pop-2020-2023'!$I$5:$M$1126,5) -> 14904 | R76: =VLOOKUP($B76,'[3]Hogares total'!$D$5:$L$1126,6) -> 4211 | S76: =VLOOKUP($B76,'[3]Hogares total'!$D$5:$L$1126,7) -> 4355 | T76: =VLOOKUP($B76,'[3]Hogares total'!$D$5:$L$1126,8) -> 4497 | U76: =VLOOKUP($B76,'[3]Hogares total'!$D$5:$L$1126,9) -> 4645 | W76: =+$E76/O76 -> 0.074185395 | X76: =+$I76/P76 -> 0.074314721 | Y76: =+$M76/Q76 -> 0.057635534 | AA76: =+$E76/S76 -> 0.24936854 | AB76: =+$I76/T76 -> 0.24416278 | AC76: =+$M76/U76 -> 0.18493003 | AD76: =IF(AC76>100%,">100%","")
B77: 05483 | C77: =VLOOKUP(B77,[2]Municipal!$C$15:$D$60549,2) -> Nariño | D77: =VLOOKUP($B77,'[1]Sin Corporativo'!$Q$6:$AA$1115,2) -> 410 | E77: =VLOOKUP($B77,'[1]Sin Corporativo'!$Q$6:$AA$1115,3) -> 421 | F77: =VLOOKUP($B77,'[1]Sin Corporativo'!$Q$6:$AA$1115,4) -> 366 | G77: =VLOOKUP($B77,'[1]Sin Corporativo'!$Q$6:$AA$1115,5) -> 430 | H77: =VLOOKUP($B77,'[1]Sin Corporativo'!$Q$6:$AA$1115,6) -> 437 | I77: =VLOOKUP($B77,'[1]Sin Corporativo'!$Q$6:$AA$1115,7) -> 410 | J77: =VLOOKUP($B77,'[1]Sin Corporativo'!$Q$6:$AA$1115,8) -> 395 | K77: =VLOOKUP($B77,'[1]Sin Corporativo'!$Q$6:$AA$1115,9) -> 396 | L77: =VLOOKUP($B77,'[1]Sin Corporativo'!$Q$6:$AA$1115,10) -> 408 | M77: =VLOOKUP($B77,'[1]Sin Corporativo'!$Q$6:$AA$1115,11) -> 398 | N77: =VLOOKUP($B77,'[2]pop-2020-2023'!$I$5:$M$1126,2) -> 10464 | O77: =VLOOKUP($B77,'[2]pop-2020-2023'!$I$5:$M$1126,3) -> 10541 | P77: =VLOOKUP($B77,'[2]pop-2020-2023'!$I$5:$M$1126,4) -> 10629 | Q77: =VLOOKUP($B77,'[2]pop-2020-2023'!$I$5:$M$1126,5) -> 10723 | R77: =VLOOKUP($B77,'[3]Hogares total'!$D$5:$L$1126,6) -> 3299 | S77: =VLOOKUP($B77,'[3]Hogares total'!$D$5:$L$1126,7) -> 3413 | T77: =VLOOKUP($B77,'[3]Hogares total'!$D$5:$L$1126,8) -> 3527 | U77: =VLOOKUP($B77,'[3]Hogares total'!$D$5:$L$1126,9) -> 3644 | W77: =+$E77/O77 -> 0.039939285 | X77: =+$I77/P77 -> 0.038573713 | Y77: =+$M77/Q77 -> 0.037116479 | AA77: =+$E77/S77 -> 0.12335189 | AB77: =+$I77/T77 -> 0.1162461 | AC77: =+$M77/U77 -> 0.10922064 | AD77: =IF(AC77>100%,">100%","")
B78: 05490 | C78: =VLOOKUP(B78,[2]Municipal!$C$15:$D$60549,2) -> Necoclí | D78: =VLOOKUP($B78,'[1]Sin Corporativo'!$Q$6:$AA$1115,2) -> 1875 | E78: =VLOOKUP($B78,'[1]Sin Corporativo'!$Q$6:$AA$1115,3) -> 2378 | F78: =VLOOKUP($B78,'[1]Sin Corporativo'!$Q$6:$AA$1115,4) -> 2482 | G78: =VLOOKUP($B78,'[1]Sin Corporativo'!$Q$6:$AA$1115,5) -> 2423 | H78: =VLOOKUP($B78,'[1]Sin Corporativo'!$Q$6:$AA$1115,6) -> 2548 | I78: =VLOOKUP($B78,'[1]Sin Corporativo'!$Q$6:$AA$1115,7) -> 2547 | J78: =VLOOKUP($B78,'[1]Sin Corporativo'!$Q$6:$AA$1115,8) -> 2364 | K78: =VLOOKUP($B78,'[1]Sin Corporativo'!$Q$6:$AA$1115,9) -> 2446 | L78: =VLOOKUP($B78,'[1]Sin Corporativo'!$Q$6:$AA$1115,10) -> 2317 | M78: =VLOOKUP($B78,'[1]Sin Corporativo'!$Q$6:$AA$1115,11) -> 1680 | N78: =VLOOKUP($B78,'[2]pop-2020-2023'!$I$5:$M$1126,2) -> 43840 | O78: =VLOOKUP($B78,'[2]pop-2020-2023'!$I$5:$M$1126,3) -> 44348 | P78: =VLOOKUP($B78,'[2]pop-2020-2023'!$I$5:$M$1126,4) -> 44743 | Q78: =VLOOKUP($B78,'[2]pop-2020-2023'!$I$5:$M$1126,5) -> 45151 | R78: =VLOOKUP($B78,'[3]Hogares total'!$D$5:$L$1126,6) -> 13323 | S78: =VLOOKUP($B78,'[3]Hogares total'!$D$5:$L$1126,7) -> 13771 | T78: =VLOOKUP($B78,'[3]Hogares total'!$D$5:$L$1126,8) -> 14210 | U78: =VLOOKUP($B78,'[3]Hogares total'!$D$5:$L$1126,9) -> 14654 | W78: =+$E78/O78 -> 0.053621358 | X78: =+$I78/P78 -> 0.056925106 | Y78: =+$M78/Q78 -> 0.037208478 | AA78: =+$E78/S78 -> 0.17268172 | AB78: =+$I78/T78 -> 0.17923997 | AC78: =+$M78/U78 -> 0.11464447 | AD78: =IF(AC78>100%,">100%","")
B79: 05495 | C79: =VLOOKUP(B79,[2]Municipal!$C$15:$D$60549,2) -> Nechí | D79: =VLOOKUP($B79,'[1]Sin Corporativo'!$Q$6:$AA$1115,2) -> 693 | E79: =VLOOKUP($B79,'[1]Sin Corporativo'!$Q$6:$AA$1115,3) -> 1016 | F79: =VLOOKUP($B79,'[1]Sin Corporativo'!$Q$6:$AA$1115,4) -> 1023 | G79: =VLOOKUP($B79,'[1]Sin Corporativo'!$Q$6:$AA$1115,5) -> 1307 | H79: =VLOOKUP($B79,'[1]Sin Corporativo'!$Q$6:$AA$1115,6) -> 1348 | I79: =VLOOKUP($B79,'[1]Sin Corporativo'!$Q$6:$AA$1115,7) -> 2071 | J79: =VLOOKUP($B79,'[1]Sin Corporativo'!$Q$6:$AA$1115,8) -> 2214 | K79: =VLOOKUP($B79,'[1]Sin Corporativo'!$Q$6:$AA$1115,9) -> 2120 | L79: =VLOOKUP($B79,'[1]Sin Corporativo'!$Q$6:$AA$1115,10) -> 1444 | M79: =VLOOKUP($B79,'[1]Sin Corporativo'!$Q$6:$AA$1115,11) -> 1175 | N79: =VLOOKUP($B79,'[2]pop-2020-2023'!$I$5:$M$1126,2) -> 26852 | O79: =VLOOKUP($B79,'[2]pop-2020-2023'!$I$5:$M$1126,3) -> 27195 | P79: =VLOOKUP($B79,'[2]pop-2020-2023'!$I$5:$M$1126,4) -> 27451 | Q79: =VLOOKUP($B79,'[2]pop-2020-2023'!$I$5:$M$1126,5) -> 27705 | R79: =VLOOKUP($B79,'[3]Hogares total'!$D$5:$L$1126,6) -> 8297 | S79: =VLOOKUP($B79,'[3]Hogares total'!$D$5:$L$1126,7) -> 8572 | T79: =VLOOKUP($B79,'[3]Hogares total'!$D$5:$L$1126,8) -> 8848 | U79: =VLOOKUP($B79,'[3]Hogares total'!$D$5:$L$1126,9) -> 9131 | W79: =+$E79/O79 -> 0.037359809 | X79: =+$I79/P79 -> 0.075443518 | Y79: =+$M79/Q79 -> 0.042411117 | AA79: =+$E79/S79 -> 0.11852543 | AB79: =+$I79/T79 -> 0.2340642 | AC79: =+$M79/U79 -> 0.12868251 | AD79: =IF(AC79>100%,">100%","")
B80: 05501 | C80: =VLOOKUP(B80,[2]Municipal!$C$15:$D$60549,2) -> Olaya | D80: =VLOOKUP($B80,'[1]Sin Corporativo'!$Q$6:$AA$1115,2) -> 246 | E80: =VLOOKUP($B80,'[1]Sin Corporativo'!$Q$6:$AA$1115,3) -> 260 | F80: =VLOOKUP($B80,'[1]Sin Corporativo'!$Q$6:$AA$1115,4) -> 280 | G80: =VLOOKUP($B80,'[1]Sin Corporativo'!$Q$6:$AA$1115,5) -> 280 | H80: =VLOOKUP($B80,'[1]Sin Corporativo'!$Q$6:$AA$1115,6) -> 293 | I80: =VLOOKUP($B80,'[1]Sin Corporativo'!$Q$6:$AA$1115,7) -> 304 | J80: =VLOOKUP($B80,'[1]Sin Corporativo'!$Q$6:$AA$1115,8) -> 322 | K80: =VLOOKUP($B80,'[1]Sin Corporativo'!$Q$6:$AA$1115,9) -> 326 | L80: =VLOOKUP($B80,'[1]Sin Corporativo'!$Q$6:$AA$1115,10) -> 329 | M80: =VLOOKUP($B80,'[1]Sin Corporativo'!$Q$6:$AA$1115,11) -> 329 | N80: =VLOOKUP($B80,'[2]pop-2020-2023'!$I$5:$M$1126,2) -> 3211 | O80: =VLOOKUP($B80,'[2]pop-2020-2023'!$I$5:$M$1126,3) -> 3236 | P80: =VLOOKUP($B80,'[2]pop-2020-2023'!$I$5:$M$1126,4) -> 3269 | Q80: =VLOOKUP($B80,'[2]pop-2020-2023'!$I$5:$M$1126,5) -> 3292 | R80: =VLOOKUP($B80,'[3]Hogares total'!$D$5:$L$1126,6) -> 1124 | S80: =VLOOKUP($B80,'[3]Hogares total'!$D$5:$L$1126,7) -> 1164 | T80: =VLOOKUP($B80,'[3]Hogares total'!$D$5:$L$1126,8) -> 1203 | U80: =VLOOKUP($B80,'[3]Hogares total'!$D$5:$L$1126,9) -> 1243 | W80: =+$E80/O80 -> 0.080346106 | X80: =+$I80/P80 -> 0.0929948 | Y80: =+$M80/Q80 -> 0.099939247 | AA80: =+$E80/S80 -> 0.2233677 | AB80: =+$I80/T80 -> 0.25270158 | AC80: =+$M80/U80 -> 0.26468222 | AD80: =IF(AC80>100%,">100%","")
... B87: 05604 | C87: =VLOOKUP(B87,[2]Municipal!$C$15:$D$60549,2) -> Remedios | D87: =VLOOKUP($B87,'[1]Sin Corporativo'!$Q$6:$AA$1115,2) -> 1967 | E87: =VLOOKUP($B87,'[1]Sin Corporativo'!$Q$6:$AA$1115,3) -> 2404 | F87: =VLOOKUP($B87,'[1]Sin Corporativo'!$Q$6:$AA$1115,4) -> 4247 | G87: =VLOOKUP($B87,'[1]Sin Corporativo'!$Q$6:$AA$1115,5) -> 4460 | H87: =VLOOKUP($B87,'[1]Sin Corporativo'!$Q$6:$AA$1115,6) -> 3651 | I87: =VLOOKUP($B87,'[1]Sin Corporativo'!$Q$6:$AA$1115,7) -> 3666 | J87: =VLOOKUP($B87,'[1]Sin Corporativo'!$Q$6:$AA$1115,8) -> 4728 | K87: =VLOOKUP($B87,'[1]Sin Corporativo'!$Q$6:$AA$1115,9) -> 3537 | L87: =VLOOKUP($B87,'[1]Sin Corporativo'!$Q$6:$AA$1115,10) -> 4450 | M87: =VLOOKUP($B87,'[1]Sin Corporativo'!$Q$6:$AA$1115,11) -> 3404 | N87: =VLOOKUP($B87,'[2]pop-2020-2023'!$I$5:$M$1126,2) -> 29429 | O87: =VLOOKUP($B87,'[2]pop-2020-2023'!$I$5:$M$1126,3) -> 29747 | P87: =VLOOKUP($B87,'[2]pop-2020-2023'!$I$5:$M$1126,4) -> 30001 | Q87: =VLOOKUP($B87,'[2]pop-2020-2023'!$I$5:$M$1126,5) -> 30277 | R87: =VLOOKUP($B87,'[3]Hogares total'!$D$5:$L$1126,6) -> 9488 | S87: =VLOOKUP($B87,'[3]Hogares total'!$D$5:$L$1126,7) -> 9788 | T87: =VLOOKUP($B87,'[3]Hogares total'!$D$5:$L$1126,8) -> 10093 | U87: =VLOOKUP($B87,'[3]Hogares total'!$D$5:$L$1126,9) -> 10409 | W87: =+$E87/O87 -> 0.080814872 | X87: =+$I87/P87 -> 0.12219593 | Y87: =+$M87/Q87 -> 0.11242858 | AA87: =+$E87/S87 -> 0.24560687 | AB87: =+$I87/T87 -> 0.36322204 | AC87: =+$M87/U87 -> 0.32702469 | AD87: =IF(AC87>100%,">100%","")
B88: 05607 | C88: =VLOOKUP(B88,[2]Municipal!$C$15:$D$60549,2) -> Retiro | D88: =VLOOKUP($B88,'[1]Sin Corporativo'!$Q$6:$AA$1115,2) -> 6816 | E88: =VLOOKUP($B88,'[1]Sin Corporativo'!$Q$6:$AA$1115,3) -> 6367 | F88: =VLOOKUP($B88,'[1]Sin Corporativo'!$Q$6:$AA$1115,4) -> 6533 | G88: =VLOOKUP($B88,'[1]Sin Corporativo'!$Q$6:$AA$1115,5) -> 6526 | H88: =VLOOKUP($B88,'[1]Sin Corporativo'!$Q$6:$AA$1115,6) -> 6373 | I88: =VLOOKUP($B88,'[1]Sin Corporativo'!$Q$6:$AA$1115,7) -> 6542 | J88: =VLOOKUP($B88,'[1]Sin Corporativo'!$Q$6:$AA$1115,8) -> 6797 | K88: =VLOOKUP($B88,'[1]Sin Corporativo'!$Q$6:$AA$1115,9) -> 6726 | L88: =VLOOKUP($B88,'[1]Sin Corporativo'!$Q$6:$AA$1115,10) -> 7010 | M88: =VLOOKUP($B88,'[1]Sin Corporativo'!$Q$6:$AA$1115,11) -> 7070 | N88: =VLOOKUP($B88,'[2]pop-2020-2023'!$I$5:$M$1126,2) -> 24466 | O88: =VLOOKUP($B88,'[2]pop-2020-2023'!$I$5:$M$1126,3) -> 24776 | P88: =VLOOKUP($B88,'[2]pop-2020-2023'!$I$5:$M$1126,4) -> 25017 | Q88: =VLOOKUP($B88,'[2]pop-2020-2023'!$I$5:$M$1126,5) -> 25227 | R88: =VLOOKUP($B88,'[3]Hogares total'!$D$5:$L$1126,6) -> 8391 | S88: =VLOOKUP($B88,'[3]Hogares total'!$D$5:$L$1126,7) -> 8667 | T88: =VLOOKUP($B88,'[3]Hogares total'!$D$5:$L$1126,8) -> 8944 | U88: =VLOOKUP($B88,'[3]Hogares total'!$D$5:$L$1126,9) -> 9230 | W88: =+$E88/O88 -> 0.25698256 | X88: =+$I88/P88 -> 0.26150218 | Y88: =+$M88/Q88 -> 0.28025528 | AA88: =+$E88/S88 -> 0.73462559 | AB88: =+$I88/T88 -> 0.73144007 | AC88: =+$M88/U88 -> 0.7659805 | AD88: =+T88-K88 -> 2218
B89: 05615 | C89: =VLOOKUP(B89,[2]Municipal!$C$15:$D$60549,2) -> Rionegro | D89: =VLOOKUP($B89,'[1]Sin Corporativo'!$Q$6:$AA$1115,2) -> 36333 | E89: =VLOOKUP($B89,'[1]Sin Corporativo'!$Q$6:$AA$1115,3) -> 36832 | F89: =VLOOKUP($B89,'[1]Sin Corporativo'!$Q$6:$AA$1115,4) -> 37377 | G89: =VLOOKUP($B89,'[1]Sin Corporativo'!$Q$6:$AA$1115,5) -> 37375 | H89: =VLOOKUP($B89,'[1]Sin Corporativo'!$Q$6:$AA$1115,6) -> 37969 | I89: =VLOOKUP($B89,'[1]Sin Corporativo'!$Q$6:$AA$1115,7) -> 38341 | J89: =VLOOKUP($B89,'[1]Sin Corporativo'!$Q$6:$AA$1115,8) -> 38708 | K89: =VLOOKUP($B89,'[1]Sin Corporativo'!$Q$6:$AA$1115,9) -> 39390 | L89: =VLOOKUP($B89,'[1]Sin Corporativo'!$Q$6:$AA$1115,10) -> 39016 | M89: =VLOOKUP($B89,'[1]Sin Corporativo'!$Q$6:$AA$1115,11) -> 39809 | N89: =VLOOKUP($B89,'[2]pop-2020-2023'!$I$5:$M$1126,2) -> 141173 | O89: =VLOOKUP($B89,'[2]pop-2020-2023'!$I$5:$M$1126,3) -> 143102 | P89: =VLOOKUP($B89,'[2]pop-2020-2023'!$I$5:$M$1126,4) -> 144418 | Q89: =VLOOKUP($B89,'[2]pop-2020-2023'!$I$5:$M$1126,5) -> 145704 | R89: =VLOOKUP($B89,'[3]Hogares total'!$D$5:$L$1126,6) -> 48834 | S89: =VLOOKUP($B89,'[3]Hogares total'!$D$5:$L$1126,7) -> 50477 | T89: =VLOOKUP($B89,'[3]Hogares total'!$D$5:$L$1126,8) -> 52137 | U89: =VLOOKUP($B89,'[3]Hogares total'!$D$5:$L$1126,9) -> 53843 | W89: =+$E89/O89 -> 0.25738285 | X89: =+$I89/P89 -> 0.2654863 | Y89: =+$M89/Q89 -> 0.27321831 | AA89: =+$E89/S89 -> 0.72967886 | AB89: =+$I89/T89 -> 0.73538945 | AC89: =+$M89/U89 -> 0.7393533 | AD89: =+T89-K89 -> 12747
B90: 05628 | C90: =VLOOKUP(B90,[2]Municipal!$C$15:$D$60549,2) -> Sabanalarga | D90: =VLOOKUP($B90,'[1]Sin Corporativo'!$Q$6:$AA$1115,2) -> 414 | E90: =VLOOKUP($B90,'[1]Sin Corporativo'!$Q$6:$AA$1115,3) -> 429 | F90: =VLOOKUP($B90,'[1]Sin Corporativo'!$Q$6:$AA$1115,4) -> 437 | G90: =VLOOKUP($B90,'[1]Sin Corporativo'!$Q$6:$AA$1115,5) -> 436 | H90: =VLOOKUP($B90,'[1]Sin Corporativo'!$Q$6:$AA$1115,6) -> 440 | I90: =VLOOKUP($B90,'[1]Sin Corporativo'!$Q$6:$AA$1115,7) -> 439 | J90: =VLOOKUP($B90,'[1]Sin Corporativo'!$Q$6:$AA$1115,8) -> 429 | K90: =VLOOKUP($B90,'[1]Sin Corporativo'!$Q$6:$AA$1115,9) -> 410 | L90: =VLOOKUP($B90,'[1]Sin Corporativo'!$Q$6:$AA$1115,10) -> 372 | M90: =VLOOKUP($B90,'[1]Sin Corporativo'!$Q$6:$AA$1115,11) -> 328 | N90: =VLOOKUP($B90,'[2]pop-2020-2023'!$I$5:$M$1126,2) -> 9311 | O90: =VLOOKUP($B90,'[2]pop-2020-2023'!$I$5:$M$1126,3) -> 9409 | P90: =VLOOKUP($B90,'[2]pop-2020-2023'!$I$5:$M$1126,4) -> 9491 | Q90: =VLOOKUP($B90,'[2]pop-2020-2023'!$I$5:$M$1126,5) -> 9592 | R90: =VLOOKUP($B90,'[3]Hogares total'!$D$5:$L$1126,6) -> 2872 | S90: =VLOOKUP($B90,'[3]Hogares total'!$D$5:$L$1126,7) -> 2968 | T90: =VLOOKUP($B90,'[3]Hogares total'!$D$5:$L$1126,8) -> 3062 | U90: =VLOOKUP($B90,'[3]Hogares total'!$D$5:$L$1126,9) -> 3160 | W90: =+$E90/O90 -> 0.045594643 | X90: =+$I90/P90 -> 0.046254346 | Y90: =+$M90/Q90 -> 0.034195163 | AA90: =+$E90/S90 -> 0.14454178 | AB90: =+$I90/T90 -> 0.14337035 | AC90: =+$M90/U90 -> 0.10379747 | AD90: =IF(AC90>100%,">100%","")
B91: 05631 | C91: =VLOOKUP(B91,[2]Municipal!$C$15:$D$60549,2) -> Sabaneta | D91: =VLOOKUP($B91,'[1]Sin Corporativo'!$Q$6:$AA$1115,2) -> 35230 | E91: =VLOOKUP($B91,'[1]Sin Corporativo'!$Q$6:$AA$1115,3) -> 35806 | F91: =VLOOKUP($B91,'[1]Sin Corporativo'!$Q$6:$AA$1115,4) -> 36403 | G91: =VLOOKUP($B91,'[1]Sin Corporativo'!$Q$6:$AA$1115,5) -> 37464 | H91: =VLOOKUP($B91,'[1]Sin Corporativo'!$Q$6:$AA$1115,6) -> 38544 | I91: =VLOOKUP($B91,'[1]Sin Corporativo'!$Q$6:$AA$1115,7) -> 39338 | J91: =VLOOKUP($B91,'[1]Sin Corporativo'!$Q$6:$AA$1115,8) -> 39109 | K91: =VLOOKUP($B91,'[1]Sin Corporativo'!$Q$6:$AA$1115,9) -> 39360 | L91: =VLOOKUP($B91,'[1]Sin Corporativo'!$Q$6:$AA$1115,10) -> 39360 | M91: =VLOOKUP($B91,'[1]Sin Corporativo'!$Q$6:$AA$1115,11) -> 38802 | N91: =VLOOKUP($B91,'[2]pop-2020-2023'!$I$5:$M$1126,2) -> 86154 | O91: =VLOOKUP($B91,'[2]pop-2020-2023'!$I$5:$M$1126,3) -> 87446 | P91: =VLOOKUP($B91,'[2]pop-2020-2023'!$I$5:$M$1126,4) -> 88227 | Q91: =VLOOKUP($B91,'[2]pop-2020-2023'!$I$5:$M$1126,5) -> 88966 | R91: =VLOOKUP($B91,'[3]Hogares total'!$D$5:$L$1126,6) -> 32183 | S91: =VLOOKUP($B91,'[3]Hogares total'!$D$5:$L$1126,7) -> 33295 | T91: =VLOOKUP($B91,'[3]Hogares total'!$D$5:$L$1126,8) -> 34431 | U91: =VLOOKUP($B91,'[3]Hogares total'!$D$5:$L$1126,9) -> 35593 | W91: =+$E91/O91 -> 0.40946413 | X91: =+$I91/P91 -> 0.44587258 | Y91: =+$M91/Q91 -> 0.43614414 | AA91: =+$E91/S91 -> 1.0754167 | AB91: =+$I91/T91 -> 1.1425169 | AC91: =+$M91/U91 -> 1.0901582 | AD91: =IF(AC91>100%,">100%","") -> >100%
B92: 05642 | C92: =VLOOKUP(B92,[2]Municipal!$C$15:$D$60549,2) -> Salgar | D92: =VLOOKUP($B92,'[1]Sin Corporativo'!$Q$6:$AA$1115,2) -> 661 | E92: =VLOOKUP($B92,'[1]Sin Corporativo'!$Q$6:$AA$1115,3) -> 635 | F92: =VLOOKUP($B92,'[1]Sin Corporativo'!$Q$6:$AA$1115,4) -> 594 | G92: =VLOOKUP($B92,'[1]Sin Corporativo'!$Q$6:$AA$1115,5) -> 576 | H92: =VLOOKUP($B92,'[1]Sin Corporativo'!$Q$6:$AA$1115,6) -> 546 | I92: =VLOOKUP($B92,'[1]Sin Corporativo'!$Q$6:$AA$1115,7) -> 544 | J92: =VLOOKUP($B92,'[1]Sin Corporativo'!$Q$6:$AA$1115,8) -> 524 | K92: =VLOOKUP($B92,'[1]Sin Corporativo'!$Q$6:$AA$1115,9) -> 510 | L92: =VLOOKUP($B92,'[1]Sin Corporativo'!$Q$6:$AA$1115,10) -> 1438 | M92: =VLOOKUP($B92,'[1]Sin Corporativo'!$Q$6:$AA$1115,11) -> 468 | N92: =VLOOKUP($B92,'[2]pop-2020-2023'!$I$5:$M$1126,2) -> 18706 | O92: =VLOOKUP($B92,'[2]pop-2020-2023'!$I$5:$M$1126,3) -> 18789 | P92: =VLOOKUP($B92,'[2]pop-2020-2023'!$I$5:$M$1126,4) -> 18981 | Q92: =VLOOKUP($B92,'[2]pop-2020-2023'!$I$5:$M$1126,5) -> 19153 | R92: =VLOOKUP($B92,'[3]Hogares total'!$D$5:$L$1126,6) -> 6175 | S92: =VLOOKUP($B92,'[3]Hogares total'!$D$5:$L$1126,7) -> 6383 | T92: =VLOOKUP($B92,'[3]Hogares total'!$D$5:$L$1126,8) -> 6591 | U92: =VLOOKUP($B92,'[3]Hogares total'!$D$5:$L$1126,9) -> 6801 | W92: =+$E92/O92 -> 0.03379637 | X92: =+$I92/P92 -> 0.028660239 | Y92: =+$M92/Q92 -> 0.024434814 | AA92: =+$E92/S92 -> 0.099483002 | AB92: =+$I92/T92 -> 0.082536793 | AC92: =+$M92/U92 -> 0.06881341 | AD92: =IF(AC92>100%,">100%","")
B93: 05647 | C93: =VLOOKUP(B93,[2]Municipal!$C$15:$D$60549,2) -> San Andrés de Cuerquía | D93: =VLOOKUP($B93,'[1]Sin Corporativo'!$Q$6:$AA$1115,2) -> 516 | E93: =VLOOKUP($B93,'[1]Sin Corporativo'!$Q$6:$AA$1115,3) -> 519 | F93: =VLOOKUP($B93,'[1]Sin Corporativo'!$Q$6:$AA$1115,4) -> 536 | G93: =VLOOKUP($B93,'[1]Sin Corporativo'!$Q$6:$AA$1115,5) -> 581 | H93: =VLOOKUP($B93,'[1]Sin Corporativo'!$Q$6:$AA$1115,6) -> 633 | I93: =VLOOKUP($B93,'[1]Sin Corporativo'!$Q$6:$AA$1115,7) -> 782 | J93: =VLOOKUP($B93,'[1]Sin Corporativo'!$Q$6:$AA$1115,8) -> 632 | K93: =VLOOKUP($B93,'[1]Sin Corporativo'!$Q$6:$AA$1115,9) -> 612 | L93: =VLOOKUP($B93,'[1]Sin Corporativo'!$Q$6:$AA$1115,10) -> 596 | M93: =VLOOKUP($B93,'[1]Sin Corporativo'!$Q$6:$AA$1115,11) -> 552 | N93: =VLOOKUP($B93,'[2]pop-2020-2023'!$I$5:$M$1126,2) -> 7411 | O93: =VLOOKUP($B93,'[2]pop-2020-2023'!$I$5:$M$1126,3) -> 7478 | P93: =VLOOKUP($B93,'[2]pop-2020-2023'!$I$5:$M$1126,4) -> 7531 | Q93: =VLOOKUP($B93,'[2]pop-2020-2023'!$I$5:$M$1126,5) -> 7598 | R93: =VLOOKUP($B93,'[3]Hogares total'!$D$5:$L$1126,6) -> 2261 | S93: =VLOOKUP($B93,'[3]Hogares total'!$D$5:$L$1126,7) -> 2337 | T93: =VLOOKUP($B93,'[3]Hogares total'!$D$5:$L$1126,8) -> 2415 | U93: =VLOOKUP($B93,'[3]Hogares total'!$D$5:$L$1126,9) -> 2492 | W93: =+$E93/O93 -> 0.069403584 | X93: =+$I93/P93 -> 0.10383747 | Y93: =+$M93/Q93 -> 0.072650698 | AA93: =+$E93/S93 -> 0.22207959 | AB93: =+$I93/T93 -> 0.32380952 | AC93: =+$M93/U93 -> 0.22150883 | AD93: =IF(AC93>100%,">100%","")
B94: 05649 | C94: =VLOOKUP(B94,[2]Municipal!$C$15:$D$60549,2) -> San Carlos | D94: =VLOOKUP($B94,'[1]Sin Corporativo'!$Q$6:$AA$1115,2) -> 1557 | E94: =VLOOKUP($B94,'[1]Sin Corporativo'!$Q$6:$AA$1115,3) -> 1517 | F94: =VLOOKUP($B94,'[1]Sin Corporativo'!$Q$6:$AA$1115,4) -> 1455 | G94: =VLOOKUP($B94,'[1]Sin Corporativo'!$Q$6:$AA$1115,5) -> 1360 | H94: =VLOOKUP($B94,'[1]Sin Corporativo'!$Q$6:$AA$1115,6) -> 1519 | I94: =VLOOKUP($B94,'[1]Sin Corporativo'!$Q$6:$AA$1115,7) -> 1810 | J94: =VLOOKUP($B94,'[1]Sin Corporativo'!$Q$6:$AA$1115,8) -> 2201 | K94: =VLOOKUP($B94,'[1]Sin Corporativo'!$Q$6:$AA$1115,9) -> 1787 | L94: =VLOOKUP($B94,'[1]Sin Corporativo'!$Q$6:$AA$1115,10) -> 1700 | M94: =VLOOKUP($B94,'[1]Sin Corporativo'!$Q$6:$AA$1115,11) -> 2085 | N94: =VLOOKUP($B94,'[2]pop-2020-2023'!$I$5:$M$1126,2) -> 16527 | O94: =VLOOKUP($B94,'[2]pop-2020-2023'!$I$5:$M$1126,3) -> 16538 | P94: =VLOOKUP($B94,'[2]pop-2020-2023'!$I$5:$M$1126,4) -> 16687 | Q94: =VLOOKUP($B94,'[2]pop-2020-2023'!$I$5:$M$1126,5) -> 16838 | R94: =VLOOKUP($B94,'[3]Hogares total'!$D$5:$L$1126,6) -> 5817 | S94: =VLOOKUP($B94,'[3]Hogares total'!$D$5:$L$1126,7) -> 5999 | T94: =VLOOKUP($B94,'[3]Hogares total'!$D$5:$L$1126,8) -> 6186 | U94: =VLOOKUP($B94,'[3]Hogares total'!$D$5:$L$1126,9) -> 6379 | W94: =+$E94/O94 -> 0.091728141 | X94: =+$I94/P94 -> 0.10846767 | Y94: =+$M94/Q94 -> 0.12382706 | AA94: =+$E94/S94 -> 0.25287548 | AB94: =+$I94/T94 -> 0.29259618 | AC94: =+$M94/U94 -> 0.32685374 | AD94: =IF(AC94>100%,">100%","")
B95: 05652 | C95: =VLOOKUP(B95,[2]Municipal!$C$15:$D$60549,2) -> San Francisco | D95: =VLOOKUP($B95,'[1]Sin Corporativo'!$Q$6:$AA$1115,2) -> 540 | E95: =VLOOKUP($B95,'[1]Sin Corporativo'!$Q$6:$AA$1115,3) -> 559 | F95: =VLOOKUP($B95,'[1]Sin Corporativo'!$Q$6:$AA$1115,4) -> 514 | G95: =VLOOKUP($B95,'[1]Sin Corporativo'!$Q$6:$AA$1115,5) -> 212 | H95: =VLOOKUP($B95,'[1]Sin Corporativo'!$Q$6:$AA$1115,6) -> 649 | I95: =VLOOKUP($B95,'[1]Sin Corporativo'!$Q$6:$AA$1115,7) -> 878 | J95: =VLOOKUP($B95,'[1]Sin Corporativo'!$Q$6:$AA$1115,8) -> 876 | K95: =VLOOKUP($B95,'[1]Sin Corporativo'!$Q$6:$AA$1115,9) -> 918 | L95: =VLOOKUP($B95,'[1]Sin Corporativo'!$Q$6:$AA$1115,10) -> 909 | M95: =VLOOKUP($B95,'[1]Sin Corporativo'!$Q$6:$AA$1115,11) -> 626 | N95: =VLOOKUP($B95,'[2]pop-2020-2023'!$I$5:$M$1126,2) -> 5805 | O95: =VLOOKUP($B95,'[2]pop-2020-2023'!$I$5:$M$1126,3) -> 5839 | P95: =VLOOKUP($B95,'[2]pop-2020-2023'!$I$5:$M$1126,4) -> 5901 | Q95: =VLOOKUP($B95,'[2]pop-2020-2023'!$I$5:$M$1126,5) -> 5945 | R95: =VLOOKUP($B95,'[3]Hogares total'!$D$5:$L$1126,6) -> 1995 | S95: =VLOOKUP($B95,'[3]Hogares total'!$D$5:$L$1126,7) -> 2062 | T95: =VLOOKUP($B95,'[3]Hogares total'!$D$5:$L$1126,8) -> 2130 | U95: =VLOOKUP($B95,'[3]Hogares total'!$D$5:$L$1126,9) -> 2199 | W95: =+$E95/O95 -> 0.095735571 | X95: =+$I95/P95 -> 0.14878834 | Y95: =+$M95/Q95 -> 0.10529857 | AA95: =+$E95/S95 -> 0.27109602 | AB95: =+$I95/T95 -> 0.41220657 | AC95: =+$M95/U95 -> 0.28467485 | AD95: =IF(AC95>100%,">100%","")
B96: 05656 | C96: =VLOOKUP(B96,[2]Municipal!$C$15:$D$60549,2) -> San Jerónimo | D96: =VLOOKUP($B96,'[1]Sin Corporativo'!$Q$6:$AA$1115,2) -> 1615 | E96: =VLOOKUP($B96,'[1]Sin Corporativo'!$Q$6:$AA$1115,3) -> 4767 | F96: =VLOOKUP($B96,'[1]Sin Corporativo'!$Q$6:$AA$1115,4) -> 4522 | G96: =VLOOKUP($B96,'[1]Sin Corporativo'!$Q$6:$AA$1115,5) -> 5202 | H96: =VLOOKUP($B96,'[1]Sin Corporativo'!$Q$6:$AA$1115,6) -> 5168 | I96: =VLOOKUP($B96,'[1]Sin Corporativo'!$Q$6:$AA$1115,7) -> 4546 | J96: =VLOOKUP($B96,'[1]Sin Corporativo'!$Q$6:$AA$1115,8) -> 4318 | K96: =VLOOKUP($B96,'[1]Sin Corporativo'!$Q$6:$AA$1115,9) -> 3952 | L96: =VLOOKUP($B96,'[1]Sin Corporativo'!$Q$6:$AA$1115,10) -> 4405 | M96: =VLOOKUP($B96,'[1]Sin Corporativo'!$Q$6:$AA$1115,11) -> 4824 | N96: =VLOOKUP($B96,'[2]pop-2020-2023'!$I$5:$M$1126,2) -> 15905 | O96: =VLOOKUP($B96,'[2]pop-2020-2023'!$I$5:$M$1126,3) -> 16081 | P96: =VLOOKUP($B96,'[2]pop-2020-2023'!$I$5:$M$1126,4) -> 16220 | Q96: =VLOOKUP($B96,'[2]pop-2020-2023'!$I$5:$M$1126,5) -> 16368 | R96: =VLOOKUP($B96,'[3]Hogares total'!$D$5:$L$1126,6) -> 5190 | S96: =VLOOKUP($B96,'[3]Hogares total'!$D$5:$L$1126,7) -> 5356 | T96: =VLOOKUP($B96,'[3]Hogares total'!$D$5:$L$1126,8) -> 5525 | U96: =VLOOKUP($B96,'[3]Hogares total'!$D$5:$L$1126,9) -> 5701 | W96: =+$E96/O96 -> 0.29643679 | X96: =+$I96/P96 -> 0.28027127 | Y96: =+$M96/Q96 -> 0.29472141 | AA96: =+$E96/S96 -> 0.89002987 | AB96: =+$I96/T96 -> 0.82280543 | AC96: =+$M96/U96 -> 0.84616734 | AD96: =+T96-K96 -> 1573
B97: 05658 | C97: =VLOOKUP(B97,[2]Municipal!$C$15:$D$60549,2) -> San José de La Montaña | D97: =VLOOKUP($B97,'[1]Sin Corporativo'!$Q$6:$AA$1115,2) -> 425 | E97: =VLOOKUP($B97,'[1]Sin Corporativo'!$Q$6:$AA$1115,3) -> 423 | F97: =VLOOKUP($B97,'[1]Sin Corporativo'!$Q$6:$AA$1115,4) -> 425 | G97: =VLOOKUP($B97,'[1]Sin Corporativo'!$Q$6:$AA$1115,5) -> 414 | H97: =VLOOKUP($B97,'[1]Sin Corporativo'!$Q$6:$AA$1115,6) -> 389 | I97: =VLOOKUP($B97,'[1]Sin Corporativo'!$Q$6:$AA$1115,7) -> 394 | J97: =VLOOKUP($B97,'[1]Sin Corporativo'!$Q$6:$AA$1115,8) -> 379 | K97: =VLOOKUP($B97,'[1]Sin Corporativo'!$Q$6:$AA$1115,9) -> 364 | L97: =VLOOKUP($B97,'[1]Sin Corporativo'!$Q$6:$AA$1115,10) -> 330 | M97: =VLOOKUP($B97,'[1]Sin Corporativo'!$Q$6:$AA$1115,11) -> 290 | N97: =VLOOKUP($B97,'[2]pop-2020-2023'!$I$5:$M$1126,2) -> 3776 | O97: =VLOOKUP($B97,'[2]pop-2020-2023'!$I$5:$M$1126,3) -> 3796 | P97: =VLOOKUP($B97,'[2]pop-2020-2023'!$I$5:$M$1126,4) -> 3851 | Q97: =VLOOKUP($B97,'[2]pop-2020-2023'!$I$5:$M$1126,5) -> 3867 | R97: =VLOOKUP($B97,'[3]Hogares total'!$D$5:$L$1126,6) -> 1221 | S97: =VLOOKUP($B97,'[3]Hogares total'!$D$5:$L$1126,7) -> 1261 | T97: =VLOOKUP($B97,'[3]Hogares total'!$D$5:$L$1126,8) -> 1304 | U97: =VLOOKUP($B97,'[3]Hogares total'!$D$5:$L$1126,9) -> 1347 | W97: =+$E97/O97 -> 0.11143309 | X97: =+$I97/P97 -> 0.10231109 | Y97: =+$M97/Q97 -> 0.074993535 | AA97: =+$E97/S97 -> 0.33544806 | AB97: =+$I97/T97 -> 0.30214724 | AC97: =+$M97/U97 -> 0.21529324 | AD97: =IF(AC97>100%,">100%","")
B98: 05659 | C98: =VLOOKUP(B98,[2]Municipal!$C$15:$D$60549,2) -> San Juan de Urabá | D98: =VLOOKUP($B98,'[1]Sin Corporativo'!$Q$6:$AA$1115,2) -> 793 | E98: =VLOOKUP($B98,'[1]Sin Corporativo'!$Q$6:$AA$1115,3) -> 1040 | F98: =VLOOKUP($B98,'[1]Sin Corporativo'!$Q$6:$AA$1115,4) -> 992 | G98: =VLOOKUP($B98,'[1]Sin Corporativo'!$Q$6:$AA$1115,5) -> 952 | H98: =VLOOKUP($B98,'[1]Sin Corporativo'!$Q$6:$AA$1115,6) -> 891 | I98: =VLOOKUP($B98,'[1]Sin Corporativo'!$Q$6:$AA$1115,7) -> 847 | J98: =VLOOKUP($B98,'[1]Sin Corporativo'!$Q$6:$AA$1115,8) -> 807 | K98: =VLOOKUP($B98,'[1]Sin Corporativo'!$Q$6:$AA$1115,9) -> 762 | L98: =VLOOKUP($B98,'[1]Sin Corporativo'!$Q$6:$AA$1115,10) -> 730 | M98: =VLOOKUP($B98,'[1]Sin Corporativo'!$Q$6:$AA$1115,11) -> 455 | N98: =VLOOKUP($B98,'[2]pop-2020-2023'!$I$5:$M$1126,2) -> 20897 | O98: =VLOOKUP($B98,'[2]pop-2020-2023'!$I$5:$M$1126,3) -> 21169 | P98: =VLOOKUP($B98,'[2]pop-2020-2023'!$I$5:$M$1126,4) -> 21338 | Q98: =VLOOKUP($B98,'[2]pop-2020-2023'!$I$5:$M$1126,5) -> 21540 | R98: =VLOOKUP($B98,'[3]Hogares total'!$D$5:$L$1126,6) -> 6088 | S98: =VLOOKUP($B98,'[3]Hogares total'!$D$5:$L$1126,7) -> 6292 | T98: =VLOOKUP($B98,'[3]Hogares total'!$D$5:$L$1126,8) -> 6495 | U98: =VLOOKUP($B98,'[3]Hogares total'!$D$5:$L$1126,9) -> 6704 | W98: =+$E98/O98 -> 0.049128443 | X98: =+$I98/P98 -> 0.039694442 | Y98: =+$M98/Q98 -> 0.021123491 | AA98: =+$E98/S98 -> 0.16528926 | AB98: =+$I98/T98 -> 0.13040801 | AC98: =+$M98/U98 -> 0.067869928 | AD98: =IF(AC98>100%,">100%","")
B99: 05660 | C99: =VLOOKUP(B99,[2]Municipal!$C$15:$D$60549,2) -> San Luis | D99: =VLOOKUP($B99,'[1]Sin Corporativo'!$Q$6:$AA$1115,2) -> 721 | E99: =VLOOKUP($B99,'[1]Sin Corporativo'!$Q$6:$AA$1115,3) -> 2097 | F99: =VLOOKUP($B99,'[1]Sin Corporativo'!$Q$6:$AA$1115,4) -> 2179 | G99: =VLOOKUP($B99,'[1]Sin Corporativo'!$Q$6:$AA$1115,5) -> 2210 | H99: =VLOOKUP($B99,'[1]Sin Corporativo'!$Q$6:$AA$1115,6) -> 2334 | I99: =VLOOKUP($B99,'[1]Sin Corporativo'!$Q$6:$AA$1115,7) -> 2518 | J99: =VLOOKUP($B99,'[1]Sin Corporativo'!$Q$6:$AA$1115,8) -> 2700 | K99: =VLOOKUP($B99,'[1]Sin Corporativo'!$Q$6:$AA$1115,9) -> 3144 | L99: =VLOOKUP($B99,'[1]Sin Corporativo'!$Q$6:$AA$1115,10) -> 3466 | M99: =VLOOKUP($B99,'[1]Sin Corporativo'!$Q$6:$AA$1115,11) -> 3535 | N99: =VLOOKUP($B99,'[2]pop-2020-2023'!$I$5:$M$1126,2) -> 13350 | O99: =VLOOKUP($B99,'[2]pop-2020-2023'!$I$5:$M$1126,3) -> 13434 | P99: =VLOOKUP($B99,'[2]pop-2020-2023'!$I$5:$M$1126,4) -> 13564 | Q99: =VLOOKUP($B99,'[2]pop-2020-2023'!$I$5:$M$1126,5) -> 13690 | R99: =VLOOKUP($B99,'[3]Hogares total'!$D$5:$L$1126,6) -> 4320 | S99: =VLOOKUP($B99,'[3]Hogares total'!$D$5:$L$1126,7) -> 4456 | T99: =VLOOKUP($B99,'[3]Hogares total'!$D$5:$L$1126,8) -> 4598 | U99: =VLOOKUP($B99,'[3]Hogares total'!$D$5:$L$1126,9) -> 4746 | W99: =+$E99/O99 -> 0.15609647 | X99: =+$I99/P99 -> 0.18563845 | Y99: =+$M99/Q99 -> 0.25821768 | AA99: =+$E99/S99 -> 0.47060144 | AB99: =+$I99/T99 -> 0.5476294 | AC99: =+$M99/U99 -> 0.74483776 | AD99: =IF(AC99>100%,">100%","")
B100: 05664 | C100: =VLOOKUP(B100,[2]Municipal!$C$15:$D$60549,2) -> San Pedro de Los Milagros | D100: =VLOOKUP($B100,'[1]Sin Corporativo'!$Q$6:$AA$1115,2) -> 2747 | E100: =VLOOKUP($B100,'[1]Sin Corporativo'!$Q$6:$AA$1115,3) -> 3375 | F100: =VLOOKUP($B100,'[1]Sin Corporativo'!$Q$6:$AA$1115,4) -> 3405 | G100: =VLOOKUP($B100,'[1]Sin Corporativo'!$Q$6:$AA$1115,5) -> 3378 | H100: =VLOOKUP($B100,'[1]Sin Corporativo'!$Q$6:$AA$1115,6) -> 3460 | I100: =VLOOKUP($B100,'[1]Sin Corporativo'!$Q$6:$AA$1115,7) -> 3703 | J100: =VLOOKUP($B100,'[1]Sin Corporativo'!$Q$6:$AA$1115,8) -> 4553 | K100: =VLOOKUP($B100,'[1]Sin Corporativo'!$Q$6:$AA$1115,9) -> 3627 | L100: =VLOOKUP($B100,'[1]Sin Corporativo'!$Q$6:$AA$1115,10) -> 3737 | M100: =VLOOKUP($B100,'[1]Sin Corporativo'!$Q$6:$AA$1115,11) -> 4775 | N100: =VLOOKUP($B100,'[2]pop-2020-2023'!$I$5:$M$1126,2) -> 22737 | O100: =VLOOKUP($B100,'[2]pop-2020-2023'!$I$5:$M$1126,3) -> 22983 | P100: =VLOOKUP($B100,'[2]pop-2020-2023'!$I$5:$M$1126,4) -> 23193 | Q100: =VLOOKUP($B100,'[2]pop-2020-2023'!$I$5:$M$1126,5) -> 23409 | R100: =VLOOKUP($B100,'[3]Hogares total'!$D$5:$L$1126,6) -> 7006 | S100: =VLOOKUP($B100,'[3]Hogares total'!$D$5:$L$1126,7) -> 7240 | T100: =VLOOKUP($B100,'[3]Hogares total'!$D$5:$L$1126,8) -> 7477 | U100: =VLOOKUP($B100,'[3]Hogares total'!$D$5:$L$1126,9) -> 7719 | W100: =+$E100/O100 -> 0.14684767 | X100: =+$I100/P100 -> 0.15966024 | Y100: =+$M100/Q100 -> 0.20398137 | AA100: =+$E100/S100 -> 0.46616022 | AB100: =+$I100/T100 -> 0.49525211 | AC100: =+$M100/U100 -> 0.61860345 | AD100: =IF(AC100>100%,">100%","")
B101: 05665 | C101: =VLOOKUP(B101,[2]Municipal!$C$15:$D$60549,2) -> San Pedro de Urabá | D101: =VLOOKUP($B101,'[1]Sin Corporativo'!$Q$6:$AA$1115,2) -> 3389 | E101: =VLOOKUP($B101,'[1]Sin Corporativo'!$Q$6:$AA$1115,3) -> 3904 | F101: =VLOOKUP($B101,'[1]Sin Corporativo'!$Q$6:$AA$1115,4) -> 4027 | G101: =VLOOKUP($B101,'[1]Sin Corporativo'!$Q$6:$AA$1115,5) -> 4077 | H101: =VLOOKUP($B101,'[1]Sin Corporativo'!$Q$6:$AA$1115,6) -> 4159 | I101: =VLOOKUP($B101,'[1]Sin Corporativo'!$Q$6:$AA$1115,7) -> 4110 | J101: =VLOOKUP($B101,'[1]Sin Corporativo'!$Q$6:$AA$1115,8) -> 3974 | K101: =VLOOKUP($B101,'[1]Sin Corporativo'!$Q$6:$AA$1115,9) -> 3879 | L101: =VLOOKUP($B101,'[1]Sin Corporativo'!$Q$6:$AA$1115,10) -> 3851 | M101: =VLOOKUP($B101,'[1]Sin Corporativo'!$Q$6:$AA$1115,11) -> 3523 | N101: =VLOOKUP($B101,'[2]pop-2020-2023'!$I$5:$M$1126,2) -> 32003 | O101: =VLOOKUP($B101,'[2]pop-2020-2023'!$I$5:$M$1126,3) -> 32322 | P101: =VLOOKUP($B101,'[2]pop-2020-2023'!$I$5:$M$1126,4) -> 32615 | Q101: =VLOOKUP($B101,'[2]pop-2020-2023'!$I$5:$M$1126,5) -> 32895 | R101: =VLOOKUP($B101,'[3]Hogares total'!$D$5:$L$1126,6) -> 8915 | S101: =VLOOKUP($B101,'[3]Hogares total'!$D$5:$L$1126,7) -> 9217 | T101: =VLOOKUP($B101,'[3]Hogares total'!$D$5:$L$1126,8) -> 9519 | U101: =VLOOKUP($B101,'[3]Hogares total'!$D$5:$L$1126,9) -> 9828 | W101: =+$E101/O101 -> 0.1207846 | X101: =+$I101/P101 -> 0.12601564 | Y101: =+$M101/Q101 -> 0.10709834 | AA101: =+$E101/S101 -> 0.42356515 | AB101: =+$I101/T101 -> 0.43176804 | AC101: =+$M101/U101 -> 0.35846561 | AD101: =IF(AC101>100%,">100%","")
B102: 05667 | C102: =VLOOKUP(B102,[2]Municipal!$C$15:$D$60549,2) -> San Rafael | D102: =VLOOKUP($B102,'[1]Sin Corporativo'!$Q$6:$AA$1115,2) -> 1330 | E102: =VLOOKUP($B102,'[1]Sin Corporativo'!$Q$6:$AA$1115,3) -> 1285 | F102: =VLOOKUP($B102,'[1]Sin Corporativo'!$Q$6:$AA$1115,4) -> 1245 | G102: =VLOOKUP($B102,'[1]Sin Corporativo'!$Q$6:$AA$1115,5) -> 1672 | H102: =VLOOKUP($B102,'[1]Sin Corporativo'!$Q$6:$AA$1115,6) -> 1150 | I102: =VLOOKUP($B102,'[1]Sin Corporativo'!$Q$6:$AA$1115,7) -> 1535 | J102: =VLOOKUP($B102,'[1]Sin Corporativo'!$Q$6:$AA$1115,8) -> 1506 | K102: =VLOOKUP($B102,'[1]Sin Corporativo'!$Q$6:$AA$1115,9) -> 1457 | L102: =VLOOKUP($B102,'[1]Sin Corporativo'!$Q$6:$AA$1115,10) -> 1401 | M102: =VLOOKUP($B102,'[1]Sin Corporativo'!$Q$6:$AA$1115,11) -> 1323 | N102: =VLOOKUP($B102,'[2]pop-2020-2023'!$I$5:$M$1126,2) -> 16114 | O102: =VLOOKUP($B102,'[2]pop-2020-2023'!$I$5:$M$1126,3) -> 16199 | P102: =VLOOKUP($B102,'[2]pop-2020-2023'!$I$5:$M$1126,4) -> 16352 | Q102: =VLOOKUP($B102,'[2]pop-2020-2023'!$I$5:$M$1126,5) -> 16489 | R102: =VLOOKUP($B102,'[3]Hogares total'!$D$5:$L$1126,6) -> 5432 | S102: =VLOOKUP($B102,'[3]Hogares total'!$D$5:$L$1126,7) -> 5611 | T102: =VLOOKUP($B102,'[3]Hogares total'!$D$5:$L$1126,8) -> 5793 | U102: =VLOOKUP($B102,'[3]Hogares total'!$D$5:$L$1126,9) -> 5981 | W102: =+$E102/O102 -> 0.079325884 | X102: =+$I102/P102 -> 0.093872309 | Y102: =+$M102/Q102 -> 0.080235308 | AA102: =+$E102/S102 -> 0.22901444 | AB102: =+$I102/T102 -> 0.26497497 | AC102: =+$M102/U102 -> 0.22120047 | AD102: =IF(AC102>100%,">100%","")
B103: 05670 | C103: =VLOOKUP(B103,[2]Municipal!$C$15:$D$60549,2) -> San Roque | D103: =VLOOKUP($B103,'[1]Sin Corporativo'!$Q$6:$AA$1115,2) -> 1861 | E103: =VLOOKUP($B103,'[1]Sin Corporativo'!$Q$6:$AA$1115,3) -> 2075 | F103: =VLOOKUP($B103,'[1]Sin Corporativo'!$Q$6:$AA$1115,4) -> 2079 | G103: =VLOOKUP($B103,'[1]Sin Corporativo'!$Q$6:$AA$1115,5) -> 2124 | H103: =VLOOKUP($B103,'[1]Sin Corporativo'!$Q$6:$AA$1115,6) -> 2096 | I103: =VLOOKUP($B103,'[1]Sin Corporativo'!$Q$6:$AA$1115,7) -> 2107 | J103: =VLOOKUP($B103,'[1]Sin Corporativo'!$Q$6:$AA$1115,8) -> 2135 | K103: =VLOOKUP($B103,'[1]Sin Corporativo'!$Q$6:$AA$1115,9) -> 2139 | L103: =VLOOKUP($B103,'[1]Sin Corporativo'!$Q$6:$AA$1115,10) -> 2101 | M103: =VLOOKUP($B103,'[1]Sin Corporativo'!$Q$6:$AA$1115,11) -> 2097 | N103: =VLOOKUP($B103,'[2]pop-2020-2023'!$I$5:$M$1126,2) -> 22171 | O103: =VLOOKUP($B103,'[2]pop-2020-2023'!$I$5:$M$1126,3) -> 22355 | P103: =VLOOKUP($B103,'[2]pop-2020-2023'!$I$5:$M$1126,4) -> 22563 | Q103: =VLOOKUP($B103,'[2]pop-2020-2023'!$I$5:$M$1126,5) -> 22775 | R103: =VLOOKUP($B103,'[3]Hogares total'!$D$5:$L$1126,6) -> 7496 | S103: =VLOOKUP($B103,'[3]Hogares total'!$D$5:$L$1126,7) -> 7732 | T103: =VLOOKUP($B103,'[3]Hogares total'!$D$5:$L$1126,8) -> 7970 | U103: =VLOOKUP($B103,'[3]Hogares total'!$D$5:$L$1126,9) -> 8215 | W103: =+$E103/O103 -> 0.092820398 | X103: =+$I103/P103 -> 0.093382972 | Y103: =+$M103/Q103 -> 0.092074643 | AA103: =+$E103/S103 -> 0.26836524 | AB103: =+$I103/T103 -> 0.26436637 | AC103: =+$M103/U103 -> 0.25526476 | AD103: =IF(AC103>100%,">100%","")
B104: 05674 | C104: =VLOOKUP(B104,[2]Municipal!$C$15:$D$60549,2) -> San Vicente | D104: =VLOOKUP($B104,'[1]Sin Corporativo'!$Q$6:$AA$1115,2) -> 2486 | E104: =VLOOKUP($B104,'[1]Sin Corporativo'!$Q$6:$AA$1115,3) -> 2609 | F104: =VLOOKUP($B104,'[1]Sin Corporativo'!$Q$6:$AA$1115,4) -> 2535 | G104: =VLOOKUP($B104,'[1]Sin Corporativo'!$Q$6:$AA$1115,5) -> 3392 | H104: =VLOOKUP($B104,'[1]Sin Corporativo'!$Q$6:$AA$1115,6) -> 2365 | I104: =VLOOKUP($B104,'[1]Sin Corporativo'!$Q$6:$AA$1115,7) -> 2483 | J104: =VLOOKUP($B104,'[1]Sin Corporativo'!$Q$6:$AA$1115,8) -> 2691 | K104: =VLOOKUP($B104,'[1]Sin Corporativo'!$Q$6:$AA$1115,9) -> 2297 | L104: =VLOOKUP($B104,'[1]Sin Corporativo'!$Q$6:$AA$1115,10) -> 2586 | M104: =VLOOKUP($B104,'[1]Sin Corporativo'!$Q$6:$AA$1115,11) -> 1985 | N104: =VLOOKUP($B104,'[2]pop-2020-2023'!$I$5:$M$1126,2) -> 22763 | O104: =VLOOKUP($B104,'[2]pop-2020-2023'!$I$5:$M$1126,3) -> 22934 | P104: =VLOOKUP($B104,'[2]pop-2020-2023'!$I$5:$M$1126,4) -> 23140 | Q104: =VLOOKUP($B104,'[2]pop-2020-2023'!$I$5:$M$1126,5) -> 23349 | R104: =VLOOKUP($B104,'[3]Hogares total'!$D$5:$L$1126,6) -> 7231 | S104: =VLOOKUP($B104,'[3]Hogares total'!$D$5:$L$1126,7) -> 7455 | T104: =VLOOKUP($B104,'[3]Hogares total'!$D$5:$L$1126,8) -> 7683 | U104: =VLOOKUP($B104,'[3]Hogares total'!$D$5:$L$1126,9) -> 7916 | W104: =+$E104/O104 -> 0.11376123 | X104: =+$I104/P104 -> 0.10730337 | Y104: =+$M104/Q104 -> 0.085014348 | AA104: =+$E104/S104 -> 0.34996647 | AB104: =+$I104/T104 -> 0.32318105 | AC104: =+$M104/U104 -> 0.25075796 | AD104: =IF(AC104>100%,">100%","")
B105: 05679 | C105: =VLOOKUP(B105,[2]Municipal!$C$15:$D$60549,2) -> Santa Bárbara | D105: =VLOOKUP($B105,'[1]Sin Corporativo'!$Q$6:$AA$1115,2) -> 2060 | E105: =VLOOKUP($B105,'[1]Sin Corporativo'!$Q$6:$AA$1115,3) -> 2353 | F105: =VLOOKUP($B105,'[1]Sin Corporativo'!$Q$6:$AA$1115,4) -> 2555 | G105: =VLOOKUP($B105,'[1]Sin Corporativo'!$Q$6:$AA$1115,5) -> 2627 | H105: =VLOOKUP($B105,'[1]Sin Corporativo'!$Q$6:$AA$1115,6) -> 2813 | I105: =VLOOKUP($B105,'[1]Sin Corporativo'!$Q$6:$AA$1115,7) -> 2810 | J105: =VLOOKUP($B105,'[1]Sin Corporativo'!$Q$6:$AA$1115,8) -> 2656 | K105: =VLOOKUP($B105,'[1]Sin Corporativo'!$Q$6:$AA$1115,9) -> 2466 | L105: =VLOOKUP($B105,'[1]Sin Corporativo'!$Q$6:$AA$1115,10) -> 2943 | M105: =VLOOKUP($B105,'[1]Sin Corporativo'!$Q$6:$AA$1115,11) -> 3041 | N105: =VLOOKUP($B105,'[2]pop-2020-2023'!$I$5:$M$1126,2) -> 27219 | O105: =VLOOKUP($B105,'[2]pop-2020-2023'!$I$5:$M$1126,3) -> 27249 | P105: =VLOOKUP($B105,'[2]pop-2020-2023'!$I$5:$M$1126,4) -> 27493 | Q105: =VLOOKUP($B105,'[2]pop-2020-2023'!$I$5:$M$1126,5) -> 27647 | R105: =VLOOKUP($B105,'[3]Hogares total'!$D$5:$L$1126,6) -> 9325 | S105: =VLOOKUP($B105,'[3]Hogares total'!$D$5:$L$1126,7) -> 9622 | T105: =VLOOKUP($B105,'[3]Hogares total'!$D$5:$L$1126,8) -> 9926 | U105: =VLOOKUP($B105,'[3]Hogares total'!$D$5:$L$1126,9) -> 10238 | W105: =+$E105/O105 -> 0.086351793 | X105: =+$I105/P105 -> 0.10220783 | Y105: =+$M105/Q105 -> 0.10999385 | AA105: =+$E105/S105 -> 0.24454375 | AB105: =+$I105/T105 -> 0.2830949 | AC105: =+$M105/U105 -> 0.29703067 | AD105: =IF(AC105>100%,">100%","")
B106: 05686 | C106: =VLOOKUP(B106,[2]Municipal!$C$15:$D$60549,2) -> Santa Rosa de Osos | D106: =VLOOKUP($B106,'[1]Sin Corporativo'!$Q$6:$AA$1115,2) -> 3930 | E106: =VLOOKUP($B106,'[1]Sin Corporativo'!$Q$6:$AA$1115,3) -> 4289 | F106: =VLOOKUP($B106,'[1]Sin Corporativo'!$Q$6:$AA$1115,4) -> 4185 | G106: =VLOOKUP($B106,'[1]Sin Corporativo'!$Q$6:$AA$1115,5) -> 3998 | H106: =VLOOKUP($B106,'[1]Sin Corporativo'!$Q$6:$AA$1115,6) -> 3849 | I106: =VLOOKUP($B106,'[1]Sin Corporativo'!$Q$6:$AA$1115,7) -> 3685 | J106: =VLOOKUP($B106,'[1]Sin Corporativo'!$Q$6:$AA$1115,8) -> 3597 | K106: =VLOOKUP($B106,'[1]Sin Corporativo'!$Q$6:$AA$1115,9) -> 5022 | L106: =VLOOKUP($B106,'[1]Sin Corporativo'!$Q$6:$AA$1115,10) -> 3942 | M106: =VLOOKUP($B106,'[1]Sin Corporativo'!$Q$6:$AA$1115,11) -> 2425 | N106: =VLOOKUP($B106,'[2]pop-2020-2023'!$I$5:$M$1126,2) -> 37643 | O106: =VLOOKUP($B106,'[2]pop-2020-2023'!$I$5:$M$1126,3) -> 38066 | P106: =VLOOKUP($B106,'[2]pop-2020-2023'!$I$5:$M$1126,4) -> 38420 | Q106: =VLOOKUP($B106,'[2]pop-2020-2023'!$I$5:$M$1126,5) -> 38748 | R106: =VLOOKUP($B106,'[3]Hogares total'!$D$5:$L$1126,6) -> 11240 | S106: =VLOOKUP($B106,'[3]Hogares total'!$D$5:$L$1126,7) -> 11602 | T106: =VLOOKUP($B106,'[3]Hogares total'!$D$5:$L$1126,8) -> 11973 | U106: =VLOOKUP($B106,'[3]Hogares total'!$D$5:$L$1126,9) -> 12357 | W106: =+$E106/O106 -> 0.11267273 | X106: =+$I106/P106 -> 0.095913587 | Y106: =+$M106/Q106 -> 0.062583875 | AA106: =+$E106/S106 -> 0.36967764 | AB106: =+$I106/T106 -> 0.30777583 | AC106: =+$M106/U106 -> 0.19624504 | AD106: =IF(AC106>100%,">100%","")
B107: 05690 | C107: =VLOOKUP(B107,[2]Municipal!$C$15:$D$60549,2) -> Santo Domingo | D107: =VLOOKUP($B107,'[1]Sin Corporativo'!$Q$6:$AA$1115,2) -> 484 | E107: =VLOOKUP($B107,'[1]Sin Corporativo'!$Q$6:$AA$1115,3) -> 458 | F107: =VLOOKUP($B107,'[1]Sin Corporativo'!$Q$6:$AA$1115,4) -> 462 | G107: =VLOOKUP($B107,'[1]Sin Corporativo'!$Q$6:$AA$1115,5) -> 459 | H107: =VLOOKUP($B107,'[1]Sin Corporativo'!$Q$6:$AA$1115,6) -> 408 | I107: =VLOOKUP($B107,'[1]Sin Corporativo'!$Q$6:$AA$1115,7) -> 408 | J107: =VLOOKUP($B107,'[1]Sin Corporativo'!$Q$6:$AA$1115,8) -> 405 | K107: =VLOOKUP($B107,'[1]Sin Corporativo'!$Q$6:$AA$1115,9) -> 390 | L107: =VLOOKUP($B107,'[1]Sin Corporativo'!$Q$6:$AA$1115,10) -> 389 | M107: =VLOOKUP($B107,'[1]Sin Corporativo'!$Q$6:$AA$1115,11) -> 435 | N107: =VLOOKUP($B107,'[2]pop-2020-2023'!$I$5:$M$1126,2) -> 12672 | O107: =VLOOKUP($B107,'[2]pop-2020-2023'!$I$5:$M$1126,3) -> 12729 | P107: =VLOOKUP($B107,'[2]pop-2020-2023'!$I$5:$M$1126,4) -> 12836 | Q107: =VLOOKUP($B107,'[2]pop-2020-2023'!$I$5:$M$1126,5) -> 12970 | R107: =VLOOKUP($B107,'[3]Hogares total'!$D$5:$L$1126,6) -> 4143 | S107: =VLOOKUP($B107,'[3]Hogares total'!$D$5:$L$1126,7) -> 4267 | T107: =VLOOKUP($B107,'[3]Hogares total'!$D$5:$L$1126,8) -> 4393 | U107: =VLOOKUP($B107,'[3]Hogares total'!$D$5:$L$1126,9) -> 4525 | W107: =+$E107/O107 -> 0.035980831 | X107: =+$I107/P107 -> 0.031785603 | Y107: =+$M107/Q107 -> 0.033538936 | AA107: =+$E107/S107 -> 0.10733536 | AB107: =+$I107/T107 -> 0.092875028 | AC107: =+$M107/U107 -> 0.096132597 | AD107: =IF(AC107>100%,">100%","")
B108: 05697 | C108: =VLOOKUP(B108,[2]Municipal!$C$15:$D$60549,2) -> El Santuario | D108: =VLOOKUP($B108,'[1]Sin Corporativo'!$Q$6:$AA$1115,2) -> 4706 | E108: =VLOOKUP($B108,'[1]Sin Corporativo'!$Q$6:$AA$1115,3) -> 5584 | F108: =VLOOKUP($B108,'[1]Sin Corporativo'!$Q$6:$AA$1115,4) -> 6169 | G108: =VLOOKUP($B108,'[1]Sin Corporativo'!$Q$6:$AA$1115,5) -> 6200 | H108: =VLOOKUP($B108,'[1]Sin Corporativo'!$Q$6:$AA$1115,6) -> 6520 | I108: =VLOOKUP($B108,'[1]Sin Corporativo'!$Q$6:$AA$1115,7) -> 7371 | J108: =VLOOKUP($B108,'[1]Sin Corporativo'!$Q$6:$AA$1115,8) -> 8182 | K108: =VLOOKUP($B108,'[1]Sin Corporativo'!$Q$6:$AA$1115,9) -> 10840 | L108: =VLOOKUP($B108,'[1]Sin Corporativo'!$Q$6:$AA$1115,10) -> 11024 | M108: =VLOOKUP($B108,'[1]Sin Corporativo'!$Q$6:$AA$1115,11) -> 12496 | N108: =VLOOKUP($B108,'[2]pop-2020-2023'!$I$5:$M$1126,2) -> 36720 | O108: =VLOOKUP($B108,'[2]pop-2020-2023'!$I$5:$M$1126,3) -> 37132 | P108: =VLOOKUP($B108,'[2]pop-2020-2023'!$I$5:$M$1126,4) -> 37481 | Q108: =VLOOKUP($B108,'[2]pop-2020-2023'!$I$5:$M$1126,5) -> 37801 | R108: =VLOOKUP($B108,'[3]Hogares total'!$D$5:$L$1126,6) -> 10770 | S108: =VLOOKUP($B108,'[3]Hogares total'!$D$5:$L$1126,7) -> 11110 | T108: =VLOOKUP($B108,'[3]Hogares total'!$D$5:$L$1126,8) -> 11465 | U108: =VLOOKUP($B108,'[3]Hogares total'!$D$5:$L$1126,9) -> 11838 | W108: =+$E108/O108 -> 0.15038242 | X108: =+$I108/P108 -> 0.19665964 | Y108: =+$M108/Q108 -> 0.33057327 | AA108: =+$E108/S108 -> 0.50261026 | AB108: =+$I108/T108 -> 0.64291321 | AC108: =+$M108/U108 -> 1.0555837 | AD108: =IF(AC108>100%,">100%","") -> >100%
... B129: 05895 | C129: =VLOOKUP(B129,[2]Municipal!$C$15:$D$60549,2) -> Zaragoza | D129: =VLOOKUP($B129,'[1]Sin Corporativo'!$Q$6:$AA$1115,2) -> 1297 | E129: =VLOOKUP($B129,'[1]Sin Corporativo'!$Q$6:$AA$1115,3) -> 2152 | F129: =VLOOKUP($B129,'[1]Sin Corporativo'!$Q$6:$AA$1115,4) -> 1824 | G129: =VLOOKUP($B129,'[1]Sin Corporativo'!$Q$6:$AA$1115,5) -> 1799 | H129: =VLOOKUP($B129,'[1]Sin Corporativo'!$Q$6:$AA$1115,6) -> 2481 | I129: =VLOOKUP($B129,'[1]Sin Corporativo'!$Q$6:$AA$1115,7) -> 1702 | J129: =VLOOKUP($B129,'[1]Sin Corporativo'!$Q$6:$AA$1115,8) -> 2703 | K129: =VLOOKUP($B129,'[1]Sin Corporativo'!$Q$6:$AA$1115,9) -> 2507 | L129: =VLOOKUP($B129,'[1]Sin Corporativo'!$Q$6:$AA$1115,10) -> 2455 | M129: =VLOOKUP($B129,'[1]Sin Corporativo'!$Q$6:$AA$1115,11) -> 1842 | N129: =VLOOKUP($B129,'[2]pop-2020-2023'!$I$5:$M$1126,2) -> 25321 | O129: =VLOOKUP($B129,'[2]pop-2020-2023'!$I$5:$M$1126,3) -> 25520 | P129: =VLOOKUP($B129,'[2]pop-2020-2023'!$I$5:$M$1126,4) -> 25772 | Q129: =VLOOKUP($B129,'[2]pop-2020-2023'!$I$5:$M$1126,5) -> 25989 | R129: =VLOOKUP($B129,'[3]Hogares total'!$D$5:$L$1126,6) -> 7723 | S129: =VLOOKUP($B129,'[3]Hogares total'!$D$5:$L$1126,7) -> 7966 | T129: =VLOOKUP($B129,'[3]Hogares total'!$D$5:$L$1126,8) -> 8214 | U129: =VLOOKUP($B129,'[3]Hogares total'!$D$5:$L$1126,9) -> 8473 | W129: =+$E129/O129 -> 0.084326019 | X129: =+$I129/P129 -> 0.066040664 | Y129: =+$M129/Q129 -> 0.07087614 | AA129: =+$E129/S129 -> 0.27014813 | AB129: =+$I129/T129 -> 0.20720721 | AC129: =+$M129/U129 -> 0.21739644 | AD129: =IF(AC129>100%,">100%","")
B130: 08001 | C130: =VLOOKUP(B130,[2]Municipal!$C$15:$D$60549,2) -> Barranquilla | D130: =VLOOKUP($B130,'[1]Sin Corporativo'!$Q$6:$AA$1115,2) -> 241833 | E130: =VLOOKUP($B130,'[1]Sin Corporativo'!$Q$6:$AA$1115,3) -> 247779 | F130: =VLOOKUP($B130,'[1]Sin Corporativo'!$Q$6:$AA$1115,4) -> 251992 | G130: =VLOOKUP($B130,'[1]Sin Corporativo'!$Q$6:$AA$1115,5) -> 244885 | H130: =VLOOKUP($B130,'[1]Sin Corporativo'!$Q$6:$AA$1115,6) -> 263421 | I130: =VLOOKUP($B130,'[1]Sin Corporativo'!$Q$6:$AA$1115,7) -> 265949 | J130: =VLOOKUP($B130,'[1]Sin Corporativo'!$Q$6:$AA$1115,8) -> 270309 | K130: =VLOOKUP($B130,'[1]Sin Corporativo'!$Q$6:$AA$1115,9) -> 279415 | L130: =VLOOKUP($B130,'[1]Sin Corporativo'!$Q$6:$AA$1115,10) -> 277947 | M130: =VLOOKUP($B130,'[1]Sin Corporativo'!$Q$6:$AA$1115,11) -> 281612 | N130: =VLOOKUP($B130,'[2]pop-2020-2023'!$I$5:$M$1126,2) -> 1275264 | O130: =VLOOKUP($B130,'[2]pop-2020-2023'!$I$5:$M$1126,3) -> 1294390 | P130: =VLOOKUP($B130,'[2]pop-2020-2023'!$I$5:$M$1126,4) -> 1310163 | Q130: =VLOOKUP($B130,'[2]pop-2020-2023'!$I$5:$M$1126,5) -> 1323551 | R130: =VLOOKUP($B130,'[3]Hogares total'!$D$5:$L$1126,6) -> 344471 | S130: =VLOOKUP($B130,'[3]Hogares total'!$D$5:$L$1126,7) -> 355556 | T130: =VLOOKUP($B130,'[3]Hogares total'!$D$5:$L$1126,8) -> 365215 | U130: =VLOOKUP($B130,'[3]Hogares total'!$D$5:$L$1126,9) -> 374902 | W130: =+$E130/O130 -> 0.1914253 | X130: =+$I130/P130 -> 0.20298925 | Y130: =+$M130/Q130 -> 0.21277004 | AA130: =+$E130/S130 -> 0.69687757 | AB130: =+$I130/T130 -> 0.72819846 | AC130: =+$M130/U130 -> 0.75116164 | AD130: =+T130-K130 -> 85800
B131: 08078 | C131: =VLOOKUP(B131,[2]Municipal!$C$15:$D$60549,2) -> Baranoa | D131: =VLOOKUP($B131,'[1]Sin Corporativo'!$Q$6:$AA$1115,2) -> 4903 | E131: =VLOOKUP($B131,'[1]Sin Corporativo'!$Q$6:$AA$1115,3) -> 5336 | F131: =VLOOKUP($B131,'[1]Sin Corporativo'!$Q$6:$AA$1115,4) -> 5183 | G131: =VLOOKUP($B131,'[1]Sin Corporativo'!$Q$6:$AA$1115,5) -> 5206 | H131: =VLOOKUP($B131,'[1]Sin Corporativo'!$Q$6:$AA$1115,6) -> 5117 | I131: =VLOOKUP($B131,'[1]Sin Corporativo'!$Q$6:$AA$1115,7) -> 5731 | J131: =VLOOKUP($B131,'[1]Sin Corporativo'!$Q$6:$AA$1115,8) -> 5527 | K131: =VLOOKUP($B131,'[1]Sin Corporativo'!$Q$6:$AA$1115,9) -> 5235 | L131: =VLOOKUP($B131,'[1]Sin Corporativo'!$Q$6:$AA$1115,10) -> 5103 | M131: =VLOOKUP($B131,'[1]Sin Corporativo'!$Q$6:$AA$1115,11) -> 6016 | N131: =VLOOKUP($B131,'[2]pop-2020-2023'!$I$5:$M$1126,2) -> 66363 | O131: =VLOOKUP($B131,'[2]pop-2020-2023'!$I$5:$M$1126,3) -> 67587 | P131: =VLOOKUP($B131,'[2]pop-2020-2023'!$I$5:$M$1126,4) -> 68424 | Q131: =VLOOKUP($B131,'[2]pop-2020-2023'!$I$5:$M$1126,5) -> 69143 | R131: =VLOOKUP($B131,'[3]Hogares total'!$D$5:$L$1126,6) -> 17250 | S131: =VLOOKUP($B131,'[3]Hogares total'!$D$5:$L$1126,7) -> 17794 | T131: =VLOOKUP($B131,'[3]Hogares total'!$D$5:$L$1126,8) -> 18261 | U131: =VLOOKUP($B131,'[3]Hogares total'!$D$5:$L$1126,9) -> 18731 | W131: =+$E131/O131 -> 0.078950094 | X131: =+$I131/P131 -> 0.083757161 | Y131: =+$M131/Q131 -> 0.087008085 | AA131: =+$E131/S131 -> 0.29987636 | AB131: =+$I131/T131 -> 0.31383823 | AC131: =+$M131/U131 -> 0.32117879 | AD131: =IF(AC131>100%,">100%","")
B132: 08137 | C132: =VLOOKUP(B132,[2]Municipal!$C$15:$D$60549,2) -> Campo de La Cruz | D132: =VLOOKUP($B132,'[1]Sin Corporativo'!$Q$6:$AA$1115,2) -> 48 | E132: =VLOOKUP($B132,'[1]Sin Corporativo'!$Q$6:$AA$1115,3) -> 347 | F132: =VLOOKUP($B132,'[1]Sin Corporativo'!$Q$6:$AA$1115,4) -> 347 | G132: =VLOOKUP($B132,'[1]Sin Corporativo'!$Q$6:$AA$1115,5) -> 345 | H132: =VLOOKUP($B132,'[1]Sin Corporativo'!$Q$6:$AA$1115,6) -> 346 | I132: =VLOOKUP($B132,'[1]Sin Corporativo'!$Q$6:$AA$1115,7) -> 343 | J132: =VLOOKUP($B132,'[1]Sin Corporativo'!$Q$6:$AA$1115,8) -> 806 | K132: =VLOOKUP($B132,'[1]Sin Corporativo'!$Q$6:$AA$1115,9) -> 838 | L132: =VLOOKUP($B132,'[1]Sin Corporativo'!$Q$6:$AA$1115,10) -> 423 | M132: =VLOOKUP($B132,'[1]Sin Corporativo'!$Q$6:$AA$1115,11) -> 394 | N132: =VLOOKUP($B132,'[2]pop-2020-2023'!$I$5:$M$1126,2) -> 24027 | O132: =VLOOKUP($B132,'[2]pop-2020-2023'!$I$5:$M$1126,3) -> 24295 | P132: =VLOOKUP($B132,'[2]pop-2020-2023'!$I$5:$M$1126,4) -> 24596 | Q132: =VLOOKUP($B132,'[2]pop-2020-2023'!$I$5:$M$1126,5) -> 24850 | R132: =VLOOKUP($B132,'[3]Hogares total'!$D$5:$L$1126,6) -> 5653 | S132: =VLOOKUP($B132,'[3]Hogares total'!$D$5:$L$1126,7) -> 5827 | T132: =VLOOKUP($B132,'[3]Hogares total'!$D$5:$L$1126,8) -> 5982 | U132: =VLOOKUP($B132,'[3]Hogares total'!$D$5:$L$1126,9) -> 6135 | W132: =+$E132/O132 -> 0.014282774 | X132: =+$I132/P132 -> 0.013945357 | Y132: =+$M132/Q132 -> 0.015855131 | AA132: =+$E132/S132 -> 0.059550369 | AB132: =+$I132/T132 -> 0.057338683 | AC132: =+$M132/U132 -> 0.064221679 | AD132: =IF(AC132>100%,">100%","")
